Line,Sample,Lat,Lon,Mark,Status,GPSStat,GPSalt,Time[ms],Time[hhmmss.sss],PowerLn,I_450Hz,Q_450Hz,I_1530Hz,Q_1530Hz,I_5310Hz,Q_5310Hz,I_18330Hz,Q_18330Hz,I_63030Hz,Q_63030Hz,QSum
 0,   0,   0.00000000,   0.00000000,   0,0,0,    0.00, 76166361.200,210926.3612,   93.9, 3.49553e+003, 9.19964e+002, 4.09800e+003, 1.34434e+003, 4.90878e+003, 2.22861e+003, 6.41740e+003, 4.62540e+003, 1.03196e+004, 1.01686e+004, 1.92869e+004
 0,   1,   0.00000000,   0.00000000,   0,0,0,    0.00, 76166461.200,210926.4612,   93.3, 3.51270e+003, 9.26346e+002, 4.12278e+003, 1.41502e+003, 4.81212e+003, 2.17581e+003, 6.46102e+003, 4.60241e+003, 1.02989e+004, 1.02366e+004, 1.93562e+004
 0,   2,   0.00000000,   0.00000000,   0,0,0,    0.00, 76166561.200,210926.5612,   93.0, 3.58925e+003, 9.47740e+002, 4.08454e+003, 1.36150e+003, 4.93300e+003, 2.09957e+003, 6.46906e+003, 4.66393e+003, 1.01240e+004, 1.02688e+004, 1.93415e+004
 0,   3,   0.00000000,   0.00000000,   0,0,0,    0.00, 76166661.200,210926.6612,   93.0, 3.55305e+003, 9.22138e+002, 4.06252e+003, 1.27806e+003, 4.95255e+003, 2.02871e+003, 6.40855e+003, 4.74218e+003, 1.01535e+004, 1.01264e+004, 1.90975e+004
 0,   4,   0.00000000,   0.00000000,   0,0,0,    0.00, 76166761.200,210926.7612,   92.9, 3.51333e+003, 8.45052e+002, 4.05221e+003, 1.25919e+003, 4.99094e+003, 2.21577e+003, 6.37050e+003, 4.67551e+003, 1.02547e+004, 9.96014e+003, 1.89557e+004
 0,   5,   0.00000000,   0.00000000,   0,0,0,    0.00, 76166861.200,210926.8612,   92.6, 3.56258e+003, 8.88038e+002, 4.02589e+003, 1.27614e+003, 5.05350e+003, 2.23231e+003, 6.48423e+003, 4.65261e+003, 1.02214e+004, 1.00698e+004, 1.91189e+004
 0,   6,   0.00000000,   0.00000000,   0,0,0,    0.00, 76166961.200,210926.9612,   93.1, 3.53341e+003, 9.42929e+002, 4.04845e+003, 1.30066e+003, 4.83888e+003, 2.28975e+003, 6.56366e+003, 4.62738e+003, 1.01546e+004, 1.02320e+004, 1.93927e+004
 0,   7,   0.00000000,   0.00000000,   0,0,0,    0.00, 76167061.200,210927.0612,   92.4, 3.53225e+003, 9.93522e+002, 4.07390e+003, 1.30068e+003, 4.84942e+003, 2.30348e+003, 6.54629e+003, 4.59747e+003, 1.01066e+004, 1.02602e+004, 1.94553e+004
 0,   8,   0.00000000,   0.00000000,   0,0,0,    0.00, 76167161.200,210927.1612,   92.4, 3.49959e+003, 1.00349e+003, 3.99967e+003, 1.22877e+003, 4.92993e+003, 2.23797e+003, 6.53426e+003, 4.73370e+003, 1.01517e+004, 1.00846e+004, 1.92885e+004
 0,   9,  39.75151190,-105.22101670,   0,0,4, 1760.79, 76167261.200,210927.2612,   92.7, 3.48976e+003, 9.63989e+002, 3.98933e+003, 1.27344e+003, 5.13273e+003, 2.30663e+003, 6.59635e+003, 4.90063e+003, 1.03219e+004, 1.00524e+004, 1.94971e+004
 0,  10,  39.75151194,-105.22101664,   0,0,4, 1760.79, 76167361.200,210927.3612,   92.3, 3.50782e+003, 9.62017e+002, 4.08094e+003, 1.34147e+003, 5.20705e+003, 2.30928e+003, 6.61441e+003, 4.89890e+003, 1.05131e+004, 1.01648e+004, 1.96765e+004
 0,  11,  39.75151198,-105.22101657,   0,0,4, 1760.79, 76167461.200,210927.4612,   92.1, 3.50604e+003, 9.43045e+002, 4.09984e+003, 1.23517e+003, 5.11218e+003, 2.42024e+003, 6.56465e+003, 4.79651e+003, 1.04697e+004, 1.02366e+004, 1.96316e+004
 0,  12,  39.75151202,-105.22101650,   0,0,4, 1760.79, 76167561.200,210927.5612,   92.3, 3.54364e+003, 9.03270e+002, 4.06999e+003, 1.25653e+003, 5.10007e+003, 2.38508e+003, 6.57919e+003, 4.62565e+003, 1.03827e+004, 1.02828e+004, 1.94533e+004
 0,  13,  39.75151206,-105.22101643,   0,0,4, 1760.79, 76167661.200,210927.6612,   91.8, 3.52095e+003, 8.82074e+002, 4.06657e+003, 1.31586e+003, 4.94460e+003, 2.30010e+003, 6.46572e+003, 4.62966e+003, 1.03031e+004, 1.03073e+004, 1.94350e+004
 0,  14,  39.75151209,-105.22101637,   0,0,4, 1760.79, 76167761.200,210927.7612,   92.3, 3.51669e+003, 8.90636e+002, 4.03543e+003, 1.39818e+003, 4.94583e+003, 2.23082e+003, 6.43724e+003, 4.66656e+003, 1.02607e+004, 1.03034e+004, 1.94896e+004
 0,  15,  39.75151213,-105.22101630,   0,0,4, 1760.79, 76167861.200,210927.8612,   92.1, 3.38242e+003, 8.84958e+002, 4.05290e+003, 1.43613e+003, 4.97274e+003, 2.12717e+003, 6.60722e+003, 4.64198e+003, 1.03673e+004, 1.03067e+004, 1.93969e+004
 0,  16,  39.75151217,-105.22101623,   0,0,4, 1760.78, 76167961.200,210927.9612,   92.3, 3.35422e+003, 9.17706e+002, 4.03701e+003, 1.31851e+003, 5.02583e+003, 2.22645e+003, 6.67190e+003, 4.65118e+003, 1.03875e+004, 1.02716e+004, 1.93855e+004
 0,  17,  39.75151221,-105.22101617,   0,0,4, 1760.78, 76168061.200,210928.0612,   92.3, 3.40032e+003, 9.34943e+002, 4.05961e+003, 1.24731e+003, 5.09778e+003, 2.19907e+003, 6.66281e+003, 4.65523e+003, 1.03646e+004, 1.02199e+004, 1.92565e+004
 0,  18,  39.75151225,-105.22101610,   0,0,4, 1760.78, 76168161.200,210928.1612,   92.7, 3.34334e+003, 8.59447e+002, 4.13057e+003, 1.35151e+003, 4.99055e+003, 2.22346e+003, 6.62008e+003, 4.66821e+003, 1.03739e+004, 1.02142e+004, 1.93169e+004
 0,  19,  39.75151219,-105.22101609,   0,0,4, 1760.78, 76168261.200,210928.2612,   92.4, 3.41261e+003, 8.73382e+002, 4.10864e+003, 1.46024e+003, 4.90246e+003, 2.19520e+003, 6.50227e+003, 4.69788e+003, 1.03714e+004, 1.02030e+004, 1.94297e+004
 0,  20,  39.75151206,-105.22101613,   0,0,4, 1760.79, 76168361.200,210928.3612,   91.7, 3.50388e+003, 9.07013e+002, 4.03910e+003, 1.37629e+003, 4.82314e+003, 2.08896e+003, 6.42959e+003, 4.67997e+003, 1.02908e+004, 1.01652e+004, 1.92174e+004
 0,  21,  39.75151194,-105.22101616,   0,0,4, 1760.79, 76168461.200,210928.4612,   91.1, 3.54686e+003, 9.41203e+002, 4.02951e+003, 1.30792e+003, 5.06315e+003, 2.11393e+003, 6.43751e+003, 4.61427e+003, 1.02709e+004, 1.01248e+004, 1.91021e+004
 0,  22,  39.75151181,-105.22101619,   0,0,4, 1760.79, 76168561.200,210928.5612,   91.5, 3.53921e+003, 9.85859e+002, 4.10279e+003, 1.29596e+003, 5.16259e+003, 2.14585e+003, 6.58105e+003, 4.61188e+003, 1.03576e+004, 1.02289e+004, 1.92684e+004
 0,  23,  39.75151169,-105.22101623,   0,0,4, 1760.79, 76168661.200,210928.6612,   92.2, 3.61251e+003, 1.02605e+003, 4.14205e+003, 1.35312e+003, 5.14195e+003, 2.29050e+003, 6.67841e+003, 4.68171e+003, 1.03713e+004, 1.02990e+004, 1.96503e+004
 0,  24,  39.75151156,-105.22101626,   0,0,4, 1760.79, 76168761.200,210928.7612,   91.0, 3.67224e+003, 1.04437e+003, 4.16868e+003, 1.38624e+003, 5.17764e+003, 2.29525e+003, 6.60094e+003, 4.59870e+003, 1.02702e+004, 1.02417e+004, 1.95663e+004
 0,  25,  39.75151144,-105.22101629,   0,0,4, 1760.79, 76168861.200,210928.8612,   92.5, 3.60236e+003, 9.31771e+002, 4.17093e+003, 1.25667e+003, 5.03636e+003, 2.33137e+003, 6.61674e+003, 4.62172e+003, 1.02991e+004, 1.02500e+004, 1.93915e+004
 0,  26,  39.75151131,-105.22101633,   0,0,4, 1760.80, 76168961.200,210928.9612,   96.8, 3.58502e+003, 7.42859e+002, 4.22487e+003, 1.32065e+003, 5.16633e+003, 2.28693e+003, 6.73561e+003, 4.78943e+003, 1.05115e+004, 1.02077e+004, 1.93475e+004
 0,  27,  39.75151119,-105.22101636,   0,0,4, 1760.80, 76169061.200,210929.0612,   98.0, 3.67411e+003, 9.04682e+002, 4.18190e+003, 1.33627e+003, 5.14745e+003, 2.20056e+003, 6.79397e+003, 4.79420e+003, 1.04923e+004, 1.02051e+004, 1.94408e+004
 0,  28,  39.75151106,-105.22101639,   0,0,4, 1760.80, 76169161.200,210929.1612,   98.2, 3.79153e+003, 1.15418e+003, 4.03044e+003, 1.30718e+003, 5.20956e+003, 2.33278e+003, 6.77663e+003, 4.79603e+003, 1.03693e+004, 1.01853e+004, 1.97755e+004
 0,  29,  39.75151105,-105.22101639,   0,0,4, 1760.80, 76169261.200,210929.2612,   98.4, 3.73574e+003, 9.27933e+002, 3.99216e+003, 1.27143e+003, 5.23931e+003, 2.34971e+003, 6.71136e+003, 4.85560e+003, 1.04134e+004, 1.01200e+004, 1.95247e+004
 0,  30,  39.75151110,-105.22101637,   0,0,4, 1760.80, 76169361.200,210929.3612,   98.9, 3.58732e+003, 8.26568e+002, 3.93343e+003, 1.35977e+003, 5.17444e+003, 2.34735e+003, 6.65645e+003, 4.83423e+003, 1.04762e+004, 1.02536e+004, 1.96215e+004
 0,  31,  39.75151116,-105.22101634,   0,0,4, 1760.80, 76169461.200,210929.4612,   97.8, 3.52832e+003, 1.00251e+003, 3.90606e+003, 1.36032e+003, 5.22963e+003, 2.34273e+003, 6.61992e+003, 4.74954e+003, 1.04890e+004, 1.02447e+004, 1.96997e+004
 0,  32,  39.75151121,-105.22101632,   0,0,4, 1760.80, 76169561.200,210929.5612,   97.3, 3.53552e+003, 9.66789e+002, 4.01561e+003, 1.29404e+003, 5.11301e+003, 2.33715e+003, 6.60464e+003, 4.65046e+003, 1.05120e+004, 1.02570e+004, 1.95054e+004
 0,  33,  39.75151127,-105.22101630,   0,0,4, 1760.80, 76169661.200,210929.6612,   94.5, 3.52338e+003, 9.95827e+002, 4.16958e+003, 1.43223e+003, 5.26168e+003, 2.34703e+003, 6.62835e+003, 4.65465e+003, 1.05232e+004, 1.03127e+004, 1.97424e+004
 0,  34,  39.75151132,-105.22101627,   0,0,4, 1760.80, 76169761.200,210929.7612,   92.1, 3.43829e+003, 1.02857e+003, 4.10972e+003, 1.48464e+003, 5.24365e+003, 2.26471e+003, 6.60526e+003, 4.74534e+003, 1.05564e+004, 1.02902e+004, 1.98134e+004
 0,  35,  39.75151138,-105.22101625,   0,0,4, 1760.81, 76169861.200,210929.8612,   91.3, 3.50125e+003, 8.42152e+002, 4.02452e+003, 1.39917e+003, 5.08632e+003, 2.35431e+003, 6.73010e+003, 4.74254e+003, 1.04898e+004, 1.02633e+004, 1.96014e+004
 0,  36,  39.75151144,-105.22101623,   0,0,4, 1760.81, 76169961.200,210929.9612,   91.4, 3.55837e+003, 8.41427e+002, 4.03006e+003, 1.29589e+003, 5.07814e+003, 2.20753e+003, 6.83535e+003, 4.77911e+003, 1.04516e+004, 1.02797e+004, 1.94036e+004
 0,  37,  39.75151149,-105.22101620,   0,0,4, 1760.81, 76170061.200,210930.0612,   91.8, 3.50172e+003, 9.49379e+002, 4.03066e+003, 1.25125e+003, 5.06334e+003, 2.13019e+003, 6.68947e+003, 4.83030e+003, 1.04984e+004, 1.02522e+004, 1.94133e+004
 0,  38,  39.75151155,-105.22101618,   0,0,4, 1760.81, 76170161.200,210930.1612,   91.7, 3.56547e+003, 9.51380e+002, 4.04509e+003, 1.30359e+003, 5.23734e+003, 2.09487e+003, 6.66383e+003, 4.76589e+003, 1.04659e+004, 1.01423e+004, 1.92580e+004
 0,  39,  39.75151162,-105.22101622,   0,0,4, 1760.81, 76170261.200,210930.2612,   92.0, 3.55042e+003, 8.21213e+002, 4.14135e+003, 1.28147e+003, 5.20814e+003, 2.06516e+003, 6.73319e+003, 4.67118e+003, 1.03107e+004, 1.01146e+004, 1.89536e+004
 0,  40,  39.75151169,-105.22101630,   0,0,4, 1760.81, 76170361.200,210930.3612,   91.0, 3.56728e+003, 7.95195e+002, 4.16917e+003, 1.34821e+003, 5.19808e+003, 2.31501e+003, 6.76977e+003, 4.61059e+003, 1.03584e+004, 1.02350e+004, 1.93040e+004
 0,  41,  39.75151177,-105.22101638,   0,0,4, 1760.81, 76170461.200,210930.4612,   90.7, 3.57165e+003, 8.50086e+002, 4.17605e+003, 1.31310e+003, 5.17049e+003, 2.41586e+003, 6.84112e+003, 4.58640e+003, 1.05853e+004, 1.02970e+004, 1.94625e+004
 0,  42,  39.75151185,-105.22101647,   0,0,4, 1760.80, 76170561.200,210930.5612,   91.7, 3.57008e+003, 8.31670e+002, 4.15677e+003, 1.25261e+003, 5.08859e+003, 2.45208e+003, 6.91236e+003, 4.63535e+003, 1.05908e+004, 1.03563e+004, 1.95280e+004
 0,  43,  39.75151192,-105.22101655,   0,0,4, 1760.80, 76170661.200,210930.6612,   91.5, 3.59204e+003, 8.54781e+002, 4.18296e+003, 1.23716e+003, 5.06116e+003, 2.27484e+003, 6.82607e+003, 4.69777e+003, 1.05631e+004, 1.03272e+004, 1.93917e+004
 0,  44,  39.75151200,-105.22101663,   0,0,4, 1760.80, 76170761.200,210930.7612,   91.3, 3.54811e+003, 8.97600e+002, 4.19494e+003, 1.21064e+003, 5.01793e+003, 2.19537e+003, 6.73356e+003, 4.70955e+003, 1.05863e+004, 1.01939e+004, 1.92070e+004
 0,  45,  39.75151208,-105.22101671,   0,0,4, 1760.80, 76170861.200,210930.8612,   91.3, 3.54830e+003, 9.69713e+002, 4.11299e+003, 1.25875e+003, 5.18270e+003, 2.22545e+003, 6.66199e+003, 4.79243e+003, 1.06005e+004, 1.01637e+004, 1.94101e+004
 0,  46,  39.75151216,-105.22101679,   0,0,4, 1760.80, 76170961.200,210930.9612,   91.4, 3.48534e+003, 9.43804e+002, 4.09600e+003, 1.28928e+003, 5.20584e+003, 2.15681e+003, 6.71709e+003, 4.83126e+003, 1.06390e+004, 1.02393e+004, 1.94605e+004
 0,  47,  39.75151223,-105.22101688,   0,0,4, 1760.80, 76171061.200,210931.0612,   92.2, 3.51688e+003, 9.30876e+002, 4.07277e+003, 1.32973e+003, 5.22116e+003, 2.39606e+003, 6.85433e+003, 4.84266e+003, 1.07376e+004, 1.03260e+004, 1.98254e+004
 0,  48,  39.75151231,-105.22101696,   0,0,4, 1760.80, 76171161.200,210931.1612,   91.5, 3.55634e+003, 9.97234e+002, 4.09435e+003, 1.36952e+003, 5.24953e+003, 2.36567e+003, 6.87806e+003, 4.85483e+003, 1.07519e+004, 1.03899e+004, 1.99772e+004
 0,  49,  39.75151223,-105.22101699,   0,0,4, 1760.79, 76171261.200,210931.2612,   91.7, 3.54940e+003, 1.03244e+003, 4.07374e+003, 1.35578e+003, 5.25597e+003, 2.37466e+003, 6.75645e+003, 4.80294e+003, 1.05859e+004, 1.04132e+004, 1.99790e+004
 0,  50,  39.75151205,-105.22101698,   0,0,4, 1760.77, 76171361.200,210931.3612,   92.3, 3.48861e+003, 9.53612e+002, 4.15591e+003, 1.37130e+003, 5.31830e+003, 2.28401e+003, 6.73691e+003, 4.81250e+003, 1.04398e+004, 1.04059e+004, 1.98274e+004
 0,  51,  39.75151188,-105.22101697,   0,0,4, 1760.75, 76171461.200,210931.4612,   92.1, 3.43928e+003, 8.85983e+002, 4.18784e+003, 1.34589e+003, 5.24005e+003, 2.17430e+003, 6.78152e+003, 4.76419e+003, 1.04129e+004, 1.03272e+004, 1.94976e+004
 0,  52,  39.75151170,-105.22101697,   0,0,4, 1760.74, 76171561.200,210931.5612,   89.8, 3.55687e+003, 9.75303e+002, 4.09189e+003, 1.33139e+003, 5.30281e+003, 2.33174e+003, 6.73062e+003, 4.68371e+003, 1.04229e+004, 1.03251e+004, 1.96472e+004
 0,  53,  39.75151152,-105.22101696,   0,0,4, 1760.72, 76171661.200,210931.6612,   89.6, 3.59979e+003, 9.01243e+002, 4.08246e+003, 1.31366e+003, 5.26611e+003, 2.42509e+003, 6.68621e+003, 4.65194e+003, 1.04692e+004, 1.03381e+004, 1.96300e+004
 0,  54,  39.75151134,-105.22101695,   0,0,4, 1760.70, 76171761.200,210931.7612,   90.4, 3.55553e+003, 8.32669e+002, 4.11261e+003, 1.27642e+003, 5.13967e+003, 2.40797e+003, 6.66041e+003, 4.69625e+003, 1.05263e+004, 1.02898e+004, 1.95031e+004
 0,  55,  39.75151117,-105.22101695,   0,0,4, 1760.69, 76171861.200,210931.8612,   89.8, 3.59678e+003, 8.73558e+002, 4.13837e+003, 1.28005e+003, 5.11491e+003, 2.35366e+003, 6.70758e+003, 4.79822e+003, 1.05563e+004, 1.03219e+004, 1.96274e+004
 0,  56,  39.75151099,-105.22101694,   0,0,4, 1760.67, 76171961.200,210931.9612,   89.8, 3.56531e+003, 9.00163e+002, 4.16906e+003, 1.25876e+003, 5.07853e+003, 2.42074e+003, 6.73689e+003, 4.83152e+003, 1.06299e+004, 1.03900e+004, 1.98012e+004
 0,  57,  39.75151081,-105.22101693,   0,0,4, 1760.65, 76172061.200,210932.0612,   89.5, 3.56820e+003, 9.55643e+002, 4.14575e+003, 1.31643e+003, 5.13787e+003, 2.39529e+003, 6.72040e+003, 4.78007e+003, 1.06414e+004, 1.03510e+004, 1.97984e+004
 0,  58,  39.75151064,-105.22101693,   0,0,4, 1760.64, 76172161.200,210932.1612,   88.4, 3.45383e+003, 9.85439e+002, 4.15433e+003, 1.33898e+003, 5.13432e+003, 2.28962e+003, 6.78037e+003, 4.77284e+003, 1.05828e+004, 1.02822e+004, 1.96691e+004
 0,  59,  39.75151052,-105.22101694,   0,0,4, 1760.63, 76172261.200,210932.2612,   87.1, 3.51766e+003, 1.03450e+003, 4.16435e+003, 1.35739e+003, 5.22809e+003, 2.42510e+003, 6.87271e+003, 4.80178e+003, 1.06081e+004, 1.02339e+004, 1.98526e+004
 0,  60,  39.75151044,-105.22101697,   0,0,4, 1760.64, 76172361.200,210932.3612,   86.6, 3.60277e+003, 9.84235e+002, 4.18315e+003, 1.46829e+003, 5.23835e+003, 2.44838e+003, 6.91056e+003, 4.78315e+003, 1.07236e+004, 1.02408e+004, 1.99248e+004
 0,  61,  39.75151036,-105.22101700,   0,0,4, 1760.65, 76172461.200,210932.4612,   86.5, 3.68899e+003, 9.47848e+002, 4.23288e+003, 1.51039e+003, 5.12678e+003, 2.41700e+003, 6.88718e+003, 4.78120e+003, 1.07428e+004, 1.03558e+004, 2.00123e+004
 0,  62,  39.75151028,-105.22101703,   0,0,4, 1760.65, 76172561.200,210932.5612,   86.6, 3.71882e+003, 9.95262e+002, 4.26397e+003, 1.48494e+003, 5.22387e+003, 2.33638e+003, 6.86206e+003, 4.82521e+003, 1.07173e+004, 1.03522e+004, 1.99940e+004
 0,  63,  39.75151020,-105.22101706,   0,0,4, 1760.66, 76172661.200,210932.6612,   86.7, 3.62616e+003, 9.58026e+002, 4.20821e+003, 1.43204e+003, 5.20376e+003, 2.21124e+003, 6.84288e+003, 4.83139e+003, 1.07548e+004, 1.02873e+004, 1.97200e+004
 0,  64,  39.75151012,-105.22101709,   0,0,4, 1760.67, 76172761.200,210932.7612,   86.4, 3.62174e+003, 9.99414e+002, 4.15919e+003, 1.40625e+003, 5.28234e+003, 2.22459e+003, 6.92326e+003, 4.71646e+003, 1.07990e+004, 1.02923e+004, 1.96390e+004
 0,  65,  39.75151004,-105.22101712,   0,0,4, 1760.67, 76172861.200,210932.8612,   86.2, 3.58148e+003, 1.04981e+003, 4.16122e+003, 1.38570e+003, 5.31996e+003, 2.28512e+003, 6.94940e+003, 4.64248e+003, 1.07396e+004, 1.03467e+004, 1.97098e+004
 0,  66,  39.75150997,-105.22101715,   0,0,4, 1760.68, 76172961.200,210932.9612,   87.1, 3.50711e+003, 1.05208e+003, 4.12619e+003, 1.32934e+003, 5.34368e+003, 2.44115e+003, 6.82569e+003, 4.69887e+003, 1.06248e+004, 1.04017e+004, 1.99232e+004
 0,  67,  39.75150989,-105.22101718,   0,0,4, 1760.69, 76173061.200,210933.0612,   87.3, 3.46809e+003, 1.05952e+003, 4.14610e+003, 1.31944e+003, 5.29644e+003, 2.38086e+003, 6.71392e+003, 4.78507e+003, 1.07118e+004, 1.03939e+004, 1.99388e+004
 0,  68,  39.75150981,-105.22101721,   0,0,4, 1760.69, 76173161.200,210933.1612,   77.8, 3.57252e+003, 1.02736e+003, 4.19875e+003, 1.30163e+003, 5.11323e+003, 2.34966e+003, 6.58346e+003, 4.72785e+003, 1.06994e+004, 1.02206e+004, 1.96271e+004
 0,  69,  39.75150982,-105.22101719,   0,0,4, 1760.70, 76173261.200,210933.2612,   56.6, 3.96067e+003, 1.12507e+003, 4.42465e+003, 1.28558e+003, 5.38218e+003, 2.25799e+003, 6.58031e+003, 4.52493e+003, 1.06332e+004, 1.01088e+004, 1.93024e+004
 0,  70,  39.75150990,-105.22101713,   0,0,4, 1760.71, 76173361.200,210933.3612,   42.1, 4.34583e+003, 1.50803e+003, 5.07422e+003, 1.25564e+003, 5.78006e+003, 2.15135e+003, 7.21749e+003, 4.63040e+003, 1.12553e+004, 1.03421e+004, 1.98875e+004
 0,  71,  39.75150997,-105.22101707,   0,0,4, 1760.72, 76173461.200,210933.4612,   48.1, 4.67621e+003, 1.84946e+003, 5.70659e+003, 1.45776e+003, 6.65570e+003, 2.53975e+003, 8.57258e+003, 5.12738e+003, 1.27245e+004, 1.06675e+004, 2.16419e+004
 0,  72,  39.75151004,-105.22101701,   0,0,4, 1760.72, 76173561.200,210933.5612,   55.8, 4.91131e+003, 1.85511e+003, 6.09540e+003, 1.92913e+003, 7.51717e+003, 2.86474e+003, 9.67804e+003, 5.55414e+003, 1.41910e+004, 1.09088e+004, 2.31119e+004
 0,  73,  39.75151012,-105.22101696,   0,0,4, 1760.73, 76173661.200,210933.6612,   55.0, 4.92070e+003, 1.71986e+003, 6.16874e+003, 2.48224e+003, 7.67410e+003, 3.13889e+003, 9.94552e+003, 5.71719e+003, 1.47294e+004, 1.09930e+004, 2.40512e+004
 0,  74,  39.75151019,-105.22101690,   0,0,4, 1760.74, 76173761.200,210933.7612,   57.3, 3.99831e+003, 1.80614e+003, 5.28093e+003, 2.16496e+003, 6.76100e+003, 2.88645e+003, 8.78785e+003, 5.37642e+003, 1.32722e+004, 1.03919e+004, 2.26259e+004
 0,  75,  39.75151026,-105.22101684,   0,0,4, 1760.75, 76173861.200,210933.8612,   54.5, 2.42296e+003, 1.91952e+003, 3.59677e+003, 1.41541e+003, 4.80087e+003, 2.38111e+003, 6.59834e+003, 4.81936e+003, 1.03350e+004, 9.62324e+003, 2.01586e+004
 0,  76,  39.75151034,-105.22101678,   0,0,4, 1760.75, 76173961.200,210933.9612,   82.2, 2.07303e+003, 2.57154e+003, 3.32679e+003, 1.43687e+003, 4.97946e+003, 2.54703e+003, 6.71585e+003, 4.81129e+003, 1.05516e+004, 9.65397e+003, 2.10207e+004
 0,  77,  39.75151041,-105.22101673,   0,0,4, 1760.76, 76174061.200,210934.0612,   98.8, 3.41051e+003, 1.91044e+003, 4.92257e+003, 2.21926e+003, 6.85253e+003, 3.10411e+003, 9.25873e+003, 5.42731e+003, 1.39075e+004, 1.01663e+004, 2.28274e+004
 0,  78,  39.75151049,-105.22101667,   0,0,4, 1760.77, 76174161.200,210934.1612,   61.0, 4.58097e+003, 5.36736e+002, 6.33171e+003, 2.96306e+003, 7.87340e+003, 3.48038e+003, 1.05413e+004, 5.75824e+003, 1.54842e+004, 1.02146e+004, 2.29530e+004
 0,  79,  39.75151056,-105.22101665,   0,0,4, 1760.77, 76174261.200,210934.2612,   49.3, 2.73146e+003, 2.59753e+003, 4.82999e+003, 2.55636e+003, 6.90648e+003, 3.30668e+003, 9.38184e+003, 5.35039e+003, 1.37838e+004, 9.81650e+003, 2.36275e+004
 0,  80,  39.75151065,-105.22101667,   0,0,4, 1760.77, 76174361.200,210934.3612,   54.6, 2.46758e+003, 2.64454e+003, 4.41014e+003, 2.15312e+003, 6.13502e+003, 3.09412e+003, 8.55808e+003, 5.23364e+003, 1.28005e+004, 9.65705e+003, 2.27825e+004
 0,  81,  39.75151073,-105.22101668,   0,0,4, 1760.77, 76174461.200,210934.4612,   53.7, 3.62306e+003, 1.56998e+003, 4.93823e+003, 2.30420e+003, 6.61612e+003, 3.13054e+003, 9.08212e+003, 5.43127e+003, 1.36310e+004, 9.82288e+003, 2.22589e+004
 0,  82,  39.75151081,-105.22101669,   0,0,4, 1760.77, 76174561.200,210934.5612,   59.3, 3.39778e+003, 1.96848e+003, 4.83875e+003, 2.38203e+003, 6.64169e+003, 3.29310e+003, 9.17168e+003, 5.44076e+003, 1.38874e+004, 9.87684e+003, 2.29612e+004
 0,  83,  39.75151089,-105.22101670,   0,0,4, 1760.77, 76174661.200,210934.6612,   64.7, 3.43195e+003, 1.90036e+003, 5.05058e+003, 2.63270e+003, 7.07073e+003, 3.40474e+003, 9.48668e+003, 5.36107e+003, 1.42209e+004, 9.80529e+003, 2.31042e+004
 0,  84,  39.75151097,-105.22101671,   0,0,4, 1760.77, 76174761.200,210934.7612,   58.7, 3.57612e+003, 1.63441e+003, 5.29915e+003, 2.89590e+003, 7.36444e+003, 3.36293e+003, 9.91598e+003, 5.42371e+003, 1.45958e+004, 9.72035e+003, 2.30373e+004
 0,  85,  39.75151105,-105.22101673,   0,0,4, 1760.78, 76174861.200,210934.8612,   53.1, 3.25979e+003, 2.01884e+003, 5.04307e+003, 2.70253e+003, 6.96335e+003, 3.45560e+003, 9.47780e+003, 5.40578e+003, 1.41345e+004, 9.69923e+003, 2.32820e+004
 0,  86,  39.75151113,-105.22101674,   0,0,4, 1760.78, 76174961.200,210934.9612,   52.7, 3.03997e+003, 2.11330e+003, 4.68057e+003, 2.34041e+003, 6.57297e+003, 3.27933e+003, 8.89671e+003, 5.33591e+003, 1.35651e+004, 9.74250e+003, 2.28114e+004
 0,  87,  39.75151122,-105.22101675,   0,0,4, 1760.78, 76175061.200,210935.0612,   55.4, 3.04433e+003, 2.17527e+003, 4.48978e+003, 2.24445e+003, 6.32692e+003, 3.20756e+003, 8.81580e+003, 5.33171e+003, 1.34548e+004, 9.78147e+003, 2.27405e+004
 0,  88,  39.75151130,-105.22101676,   0,0,4, 1760.78, 76175161.200,210935.1612,   59.8, 3.40472e+003, 2.18706e+003, 4.88385e+003, 2.46848e+003, 6.80371e+003, 3.28749e+003, 9.24120e+003, 5.38560e+003, 1.38809e+004, 9.90816e+003, 2.32368e+004
 0,  89,  39.75151145,-105.22101675,   0,0,4, 1760.78, 76175261.200,210935.2612,   50.6, 3.84434e+003, 1.77868e+003, 5.32171e+003, 2.62719e+003, 6.99997e+003, 3.23719e+003, 9.54975e+003, 5.55674e+003, 1.43046e+004, 1.00317e+004, 2.32315e+004
 0,  90,  39.75151165,-105.22101672,   0,0,4, 1760.78, 76175361.200,210935.3612,   45.1, 3.48098e+003, 1.65791e+003, 4.87574e+003, 2.39582e+003, 6.50045e+003, 3.15046e+003, 8.99814e+003, 5.50336e+003, 1.35754e+004, 9.85418e+003, 2.25617e+004
 0,  91,  39.75151185,-105.22101669,   0,0,4, 1760.78, 76175461.200,210935.4612,   49.6, 2.56266e+003, 1.66665e+003, 3.75697e+003, 1.81984e+003, 5.27143e+003, 2.75143e+003, 7.42293e+003, 4.99614e+003, 1.16197e+004, 9.23874e+003, 2.04728e+004
 0,  92,  39.75151205,-105.22101666,   0,0,4, 1760.78, 76175561.200,210935.5612,   45.8, 1.93340e+003, 1.72278e+003, 2.92790e+003, 1.43350e+003, 4.16886e+003, 2.49860e+003, 6.13101e+003, 4.57968e+003, 1.00161e+004, 8.75008e+003, 1.89847e+004
 0,  93,  39.75151225,-105.22101663,   0,0,4, 1760.78, 76175661.200,210935.6612,   48.8, 1.83411e+003, 2.09880e+003, 3.00473e+003, 1.58587e+003, 4.64003e+003, 2.64542e+003, 6.60911e+003, 4.70589e+003, 1.05673e+004, 8.92153e+003, 1.99575e+004
 0,  94,  39.75151245,-105.22101660,   0,0,4, 1760.78, 76175761.200,210935.7612,   71.6, 2.30364e+003, 2.34868e+003, 4.08555e+003, 2.30977e+003, 5.98687e+003, 3.20027e+003, 8.56340e+003, 5.23737e+003, 1.30471e+004, 9.29278e+003, 2.23889e+004
 0,  95,  39.75151264,-105.22101657,   0,0,4, 1760.78, 76175861.200,210935.8612,   72.8, 3.31537e+003, 2.05236e+003, 5.28747e+003, 3.22223e+003, 7.54990e+003, 3.83657e+003, 1.04614e+004, 5.81906e+003, 1.54528e+004, 9.52099e+003, 2.44512e+004
 0,  96,  39.75151284,-105.22101654,   0,0,4, 1760.79, 76175961.200,210935.9612,   53.3, 3.53379e+003, 1.92154e+003, 5.62619e+003, 3.54579e+003, 7.88107e+003, 3.78978e+003, 1.08944e+004, 5.97689e+003, 1.59169e+004, 9.65526e+003, 2.48893e+004
 0,  97,  39.75151304,-105.22101651,   0,0,4, 1760.79, 76176061.200,210936.0612,   42.3, 2.69486e+003, 2.47969e+003, 4.78981e+003, 3.02923e+003, 6.99359e+003, 3.60258e+003, 9.61032e+003, 5.66119e+003, 1.43721e+004, 9.51780e+003, 2.42905e+004
 0,  98,  39.75151324,-105.22101648,   0,0,4, 1760.79, 76176161.200,210936.1612,   39.9, 1.72209e+003, 2.85084e+003, 3.58761e+003, 2.25867e+003, 5.60931e+003, 3.08271e+003, 7.76810e+003, 5.03447e+003, 1.19658e+004, 9.08299e+003, 2.23097e+004
 0,  99,  39.75151336,-105.22101658,   0,0,4, 1760.79, 76176261.200,210936.2612,   44.2, 1.41246e+003, 2.66906e+003, 2.98204e+003, 1.77783e+003, 4.58994e+003, 2.80795e+003, 6.59563e+003, 4.75232e+003, 1.06186e+004, 8.87430e+003, 2.08815e+004
 0, 100,  39.75151343,-105.22101676,   0,0,4, 1760.79, 76176361.200,210936.3612,   61.4, 1.69396e+003, 2.28815e+003, 3.10310e+003, 1.76597e+003, 4.78320e+003, 2.78208e+003, 6.66814e+003, 4.77102e+003, 1.08537e+004, 8.96997e+003, 2.05772e+004
 0, 101,  39.75151350,-105.22101693,   0,0,4, 1760.79, 76176461.200,210936.4612,   73.4, 2.34845e+003, 1.55528e+003, 3.80879e+003, 1.96294e+003, 5.12043e+003, 2.72617e+003, 7.35477e+003, 4.90668e+003, 1.16779e+004, 9.18608e+003, 2.03372e+004
 0, 102,  39.75151357,-105.22101711,   0,0,4, 1760.79, 76176561.200,210936.5612,   62.0, 3.21353e+003, 8.90532e+002, 4.38733e+003, 2.03589e+003, 5.56795e+003, 2.81869e+003, 7.68052e+003, 5.02591e+003, 1.19474e+004, 9.22442e+003, 1.99954e+004
 0, 103,  39.75151365,-105.22101729,   0,0,4, 1760.79, 76176661.200,210936.6612,   46.2, 3.28622e+003, 6.70607e+002, 4.20856e+003, 1.58400e+003, 5.02366e+003, 2.30898e+003, 6.87564e+003, 4.72247e+003, 1.08604e+004, 9.08537e+003, 1.83714e+004
 0, 104,  39.75151372,-105.22101746,   0,0,4, 1760.79, 76176761.200,210936.7612,   45.0, 2.87902e+003, 5.62682e+002, 3.28522e+003, 5.84401e+002, 3.41027e+003, 1.64972e+003, 4.81028e+003, 3.96356e+003, 8.29236e+003, 8.61020e+003, 1.53706e+004
 0, 105,  39.75151379,-105.22101764,   0,0,4, 1760.79, 76176861.200,210936.8612,   44.5, 2.67962e+003, 1.86276e+002, 2.23662e+003,-3.00183e+002, 2.05739e+003, 9.26188e+002, 2.60502e+003, 3.31075e+003, 5.64789e+003, 8.03339e+003, 1.21564e+004
 0, 106,  39.75151386,-105.22101782,   0,0,4, 1760.80, 76176961.200,210936.9612,   49.4, 2.66878e+003,-2.18874e+002, 1.99368e+003,-6.95305e+002, 1.32064e+003, 6.36828e+002, 1.94054e+003, 3.16360e+003, 4.76899e+003, 7.90119e+003, 1.07874e+004
 0, 107,  39.75151393,-105.22101799,   0,0,4, 1760.80, 76177061.200,210937.0612,   60.2, 3.20520e+003,-4.78476e+002, 2.62915e+003,-2.95990e+002, 2.32809e+003, 1.08110e+003, 3.02830e+003, 3.48971e+003, 5.95999e+003, 8.19038e+003, 1.19867e+004
 0, 108,  39.75151400,-105.22101817,   0,0,4, 1760.80, 76177161.200,210937.1612,   56.0, 3.80385e+003,-7.31980e+002, 3.49666e+003, 3.59159e+002, 3.47221e+003, 1.37601e+003, 4.66052e+003, 3.93378e+003, 7.89914e+003, 8.64612e+003, 1.35831e+004
 0, 109,  39.75151406,-105.22101832,   0,0,4, 1760.80, 76177261.200,210937.2612,   47.3, 3.81693e+003,-4.09405e+002, 3.56664e+003, 6.35296e+002, 3.78103e+003, 1.66640e+003, 5.03303e+003, 4.01248e+003, 8.65654e+003, 8.82723e+003, 1.47320e+004
 0, 110,  39.75151412,-105.22101846,   0,0,4, 1760.79, 76177361.200,210937.3612,   44.5, 3.19171e+003, 2.20091e+002, 3.16674e+003, 3.32899e+002, 3.40904e+003, 1.52801e+003, 4.53581e+003, 3.90647e+003, 8.02848e+003, 8.85111e+003, 1.48386e+004
 0, 111,  39.75151417,-105.22101860,   0,0,4, 1760.79, 76177461.200,210937.4612,   45.1, 2.68352e+003, 5.26411e+002, 2.91889e+003, 2.33696e+002, 3.12982e+003, 1.61292e+003, 4.40365e+003, 3.91891e+003, 7.61924e+003, 8.98045e+003, 1.52724e+004
 0, 112,  39.75151423,-105.22101874,   0,0,4, 1760.79, 76177561.200,210937.5612,   50.9, 2.78828e+003, 8.72725e+002, 3.11057e+003, 6.49732e+002, 3.95016e+003, 1.93487e+003, 5.11744e+003, 4.13794e+003, 8.56450e+003, 9.12405e+003, 1.67193e+004
 0, 113,  39.75151428,-105.22101888,   0,0,4, 1760.79, 76177661.200,210937.6612,   59.1, 2.92226e+003, 1.18262e+003, 3.73306e+003, 1.26774e+003, 4.79769e+003, 2.31232e+003, 6.47589e+003, 4.59954e+003, 1.03581e+004, 9.30729e+003, 1.86695e+004
 0, 114,  39.75151434,-105.22101902,   0,0,4, 1760.78, 76177761.200,210937.7612,   58.3, 3.21947e+003, 1.34120e+003, 4.25970e+003, 1.92659e+003, 5.78211e+003, 2.84607e+003, 7.60389e+003, 5.15327e+003, 1.18510e+004, 9.41746e+003, 2.06846e+004
 0, 115,  39.75151439,-105.22101916,   0,0,4, 1760.78, 76177861.200,210937.8612,   52.4, 3.26301e+003, 1.44865e+003, 4.50344e+003, 2.17129e+003, 6.06112e+003, 2.86410e+003, 8.13437e+003, 5.26532e+003, 1.24262e+004, 9.60937e+003, 2.13587e+004
 0, 116,  39.75151445,-105.22101930,   0,0,4, 1760.78, 76177961.200,210937.9612,   46.7, 3.00977e+003, 1.69243e+003, 4.38411e+003, 2.05137e+003, 5.78733e+003, 2.88944e+003, 7.96374e+003, 5.03384e+003, 1.22183e+004, 9.54967e+003, 2.12168e+004
 0, 117,  39.75151450,-105.22101943,   0,0,4, 1760.78, 76178061.200,210938.0612,   45.7, 2.77995e+003, 1.87421e+003, 4.06571e+003, 1.77163e+003, 5.46857e+003, 2.67215e+003, 7.44929e+003, 4.91582e+003, 1.15590e+004, 9.38874e+003, 2.06225e+004
 0, 118,  39.75151456,-105.22101957,   0,0,4, 1760.77, 76178161.200,210938.1612,   47.2, 2.70232e+003, 1.79802e+003, 3.83540e+003, 1.55139e+003, 4.96704e+003, 2.52978e+003, 7.04198e+003, 4.87803e+003, 1.10046e+004, 9.41765e+003, 2.01749e+004
 0, 119,  39.75151460,-105.22101954,   0,0,4, 1760.77, 76178261.200,210938.2612,   53.1, 3.01188e+003, 1.57868e+003, 3.94744e+003, 1.60730e+003, 5.25169e+003, 2.53822e+003, 7.10366e+003, 4.79171e+003, 1.10385e+004, 9.58839e+003, 2.01043e+004
 0, 120,  39.75151465,-105.22101940,   0,0,4, 1760.77, 76178361.200,210938.3612,   58.3, 3.42542e+003, 1.26424e+003, 4.39863e+003, 1.61744e+003, 5.56859e+003, 2.54756e+003, 7.46712e+003, 4.85802e+003, 1.16485e+004, 9.78894e+003, 2.00762e+004
 0, 121,  39.75151469,-105.22101927,   0,0,4, 1760.77, 76178461.200,210938.4612,   58.5, 3.74278e+003, 1.17002e+003, 4.85357e+003, 1.76735e+003, 5.85699e+003, 2.80098e+003, 7.81218e+003, 5.03990e+003, 1.21770e+004, 9.77789e+003, 2.05561e+004
 0, 122,  39.75151473,-105.22101913,   0,0,4, 1760.78, 76178561.200,210938.5612,   54.0, 4.04198e+003, 1.11797e+003, 4.98568e+003, 1.73477e+003, 5.97998e+003, 2.54895e+003, 8.04736e+003, 5.00447e+003, 1.22424e+004, 9.61822e+003, 2.00244e+004
 0, 123,  39.75151477,-105.22101899,   0,0,4, 1760.78, 76178661.200,210938.6612,   54.9, 4.19742e+003, 1.03731e+003, 4.85974e+003, 1.34577e+003, 5.83584e+003, 2.44680e+003, 7.66160e+003, 4.79887e+003, 1.15923e+004, 9.57329e+003, 1.92020e+004
 0, 124,  39.75151482,-105.22101885,   0,0,4, 1760.78, 76178761.200,210938.7612,   57.4, 4.31745e+003, 9.15126e+002, 4.69597e+003, 9.92011e+002, 5.69872e+003, 2.21154e+003, 7.12798e+003, 4.56018e+003, 1.08389e+004, 9.58247e+003, 1.82613e+004
 0, 125,  39.75151486,-105.22101872,   0,0,4, 1760.78, 76178861.200,210938.8612,   57.9, 4.51054e+003, 7.68902e+002, 4.60193e+003, 6.83016e+002, 5.50837e+003, 1.89062e+003, 6.84172e+003, 4.38136e+003, 1.06281e+004, 9.53723e+003, 1.72611e+004
 0, 126,  39.75151490,-105.22101858,   0,0,4, 1760.78, 76178961.200,210938.9612,   57.7, 4.50318e+003, 6.98375e+002, 4.53119e+003, 7.60659e+002, 5.56064e+003, 1.98839e+003, 6.78525e+003, 4.33813e+003, 1.06735e+004, 9.48512e+003, 1.72707e+004
 0, 127,  39.75151494,-105.22101844,   0,0,4, 1760.78, 76179061.200,210939.0612,   58.7, 3.91723e+003, 4.73389e+002, 4.18560e+003, 9.97636e+002, 5.10876e+003, 2.13226e+003, 6.55893e+003, 4.53709e+003, 1.06054e+004, 9.75341e+003, 1.78938e+004
 0, 128,  39.75151499,-105.22101830,   0,0,4, 1760.78, 76179161.200,210939.1612,   65.2, 2.82215e+003,-2.55392e+002, 2.73161e+003, 9.05411e+002, 3.60757e+003, 2.39212e+003, 5.29956e+003, 4.80648e+003, 9.59194e+003, 1.00189e+004, 1.78675e+004
 0, 129,  39.75151500,-105.22101814,   0,0,4, 1760.78, 76179261.200,210939.2612,   82.3, 4.45879e+002,-1.27435e+003,-3.66337e+002, 2.67990e+002, 5.62523e+002, 2.00068e+003, 2.03711e+003, 4.75073e+003, 6.27518e+003, 9.87148e+003, 1.56165e+004
 0, 130,  39.75151499,-105.22101796,   0,0,4, 1760.78, 76179361.200,210939.3612,   85.2,-3.06429e+003,-2.29323e+003,-4.53892e+003,-5.55622e+002,-3.97976e+003, 1.46366e+003,-2.70016e+003, 4.25056e+003, 1.28854e+003, 9.54235e+003, 1.24077e+004
 0, 131,  39.75151498,-105.22101778,   0,0,4, 1760.77, 76179461.200,210939.4612,   86.7,-6.05984e+003,-3.63613e+003,-8.16200e+003,-1.19324e+003,-7.94737e+003, 1.02111e+003,-6.98454e+003, 3.78589e+003,-3.14904e+003, 8.98911e+003, 8.96674e+003
 0, 132,  39.75151497,-105.22101760,   0,0,4, 1760.77, 76179561.200,210939.5612,   90.5,-8.40127e+003,-5.25453e+003,-1.11645e+004,-1.89201e+003,-1.15447e+004, 5.06540e+002,-1.07411e+004, 3.59796e+003,-6.91345e+003, 8.84433e+003, 5.80229e+003
 0, 133,  39.75151496,-105.22101743,   0,0,4, 1760.77, 76179661.200,210939.6612,   91.8,-1.01442e+004,-6.32019e+003,-1.37396e+004,-2.60483e+003,-1.44451e+004, 2.44457e+002,-1.37551e+004, 3.41498e+003,-1.01228e+004, 8.78359e+003, 3.51801e+003
 0, 134,  39.75151496,-105.22101725,   0,0,4, 1760.77, 76179761.200,210939.7612,   92.4,-1.11458e+004,-6.96829e+003,-1.50768e+004,-3.08562e+003,-1.61067e+004,-6.51810e+000,-1.55805e+004, 3.34376e+003,-1.19247e+004, 8.65300e+003, 1.93632e+003
 0, 135,  39.75151495,-105.22101707,   0,0,4, 1760.76, 76179861.200,210939.8612,   93.9,-1.16546e+004,-7.42881e+003,-1.57634e+004,-3.29964e+003,-1.70093e+004,-1.17655e+002,-1.64034e+004, 3.41939e+003,-1.26993e+004, 8.62882e+003, 1.20210e+003
 0, 136,  39.75151494,-105.22101689,   0,0,4, 1760.76, 76179961.200,210939.9612,  103.7,-1.12766e+004,-7.43755e+003,-1.55027e+004,-3.33100e+003,-1.66352e+004,-2.20232e+002,-1.61377e+004, 3.38322e+003,-1.25948e+004, 8.68926e+003, 1.08370e+003
 0, 137,  39.75151493,-105.22101671,   0,0,4, 1760.76, 76180061.200,210940.0612,  118.2,-9.90175e+003,-6.90997e+003,-1.38470e+004,-3.01497e+003,-1.49852e+004,-1.30956e+002,-1.44997e+004, 3.35512e+003,-1.10043e+004, 8.87518e+003, 2.17440e+003
 0, 138,  39.75151492,-105.22101654,   0,0,4, 1760.76, 76180161.200,210940.1612,  135.6,-7.61492e+003,-5.81625e+003,-1.11073e+004,-2.44285e+003,-1.18903e+004, 1.23952e+002,-1.15615e+004, 3.40846e+003,-8.11981e+003, 9.02242e+003, 4.29572e+003
 0, 139,  39.75151515,-105.22101631,   0,0,4, 1760.75, 76180261.200,210940.2612,  149.2,-5.05723e+003,-4.64973e+003,-7.93509e+003,-2.00163e+003,-8.48421e+003, 2.63187e+002,-7.93546e+003, 3.47513e+003,-4.68739e+003, 8.94067e+003, 6.02763e+003
 0, 140,  39.75151554,-105.22101604,   0,0,4, 1760.73, 76180361.200,210940.3612,  158.7,-2.61651e+003,-3.73861e+003,-4.91337e+003,-1.51438e+003,-5.27539e+003, 6.01427e+002,-4.68111e+003, 3.59075e+003,-1.62587e+003, 8.84561e+003, 7.78480e+003
 0, 141,  39.75151592,-105.22101578,   0,0,4, 1760.72, 76180461.200,210940.4612,  167.2,-4.13987e+002,-2.92562e+003,-2.20282e+003,-1.15654e+003,-2.32166e+003, 7.66813e+002,-1.99270e+003, 3.73035e+003, 1.35550e+003, 8.96017e+003, 9.37517e+003
 0, 142,  39.75151630,-105.22101552,   0,0,4, 1760.70, 76180561.200,210940.5612,  173.8, 1.31916e+003,-1.97899e+003, 5.57015e+001,-8.47084e+002,-6.72752e+001, 8.20123e+002, 3.97183e+002, 3.85189e+003, 3.57175e+003, 9.16251e+003, 1.10085e+004
 0, 143,  39.75151668,-105.22101526,   0,0,4, 1760.68, 76180661.200,210940.6612,  179.5, 2.62853e+003,-1.17274e+003, 1.92355e+003,-3.55676e+002, 1.91572e+003, 8.71433e+002, 2.30452e+003, 3.78896e+003, 5.58456e+003, 9.39920e+003, 1.25312e+004
 0, 144,  39.75151707,-105.22101500,   0,0,4, 1760.67, 76180761.200,210940.7612,  181.1, 3.80626e+003,-6.93493e+002, 3.44541e+003,-6.21209e+001, 3.39439e+003, 9.48458e+002, 4.02179e+003, 3.70087e+003, 7.32448e+003, 9.41011e+003, 1.33038e+004
 0, 145,  39.75151745,-105.22101474,   0,0,4, 1760.65, 76180861.200,210940.8612,  182.7, 4.84702e+003,-3.45465e+002, 4.61954e+003, 3.09445e+002, 4.69476e+003, 1.06599e+003, 5.46662e+003, 3.68525e+003, 8.64572e+003, 9.50281e+003, 1.42180e+004
 0, 146,  39.75151783,-105.22101447,   0,0,4, 1760.64, 76180961.200,210940.9612,  181.2, 5.33012e+003,-1.91889e+002, 5.13990e+003, 4.07582e+002, 4.98031e+003, 1.03432e+003, 5.96370e+003, 3.85233e+003, 9.09609e+003, 9.59210e+003, 1.46944e+004
 0, 147,  39.75151822,-105.22101421,   0,0,4, 1760.62, 76181061.200,210941.0612,  178.0, 5.50145e+003,-2.35286e+002, 5.23003e+003, 2.68017e+002, 4.92651e+003, 1.10855e+003, 5.80704e+003, 3.95355e+003, 9.68414e+003, 9.70612e+003, 1.48010e+004
 0, 148,  39.75151860,-105.22101395,   0,0,4, 1760.61, 76181161.200,210941.1612,  173.8, 5.73810e+003, 8.77549e+001, 5.62183e+003, 1.57793e+002, 5.23997e+003, 1.14419e+003, 5.94125e+003, 3.82508e+003, 1.01325e+004, 9.79826e+003, 1.50131e+004
 0, 149,  39.75151880,-105.22101392,   0,0,4, 1760.61, 76181261.200,210941.2612,  166.7, 6.68081e+003, 4.61611e+002, 6.68646e+003, 6.95879e+001, 6.20169e+003, 1.19776e+003, 7.16804e+003, 3.78002e+003, 1.09176e+004, 9.86663e+003, 1.53756e+004
 0, 150,  39.75151888,-105.22101404,   0,0,4, 1760.61, 76181361.200,210941.3612,  166.3, 8.49502e+003, 7.53496e+002, 8.61750e+003, 4.05065e+002, 8.42793e+003, 1.31911e+003, 9.11095e+003, 3.82676e+003, 1.29398e+004, 1.00174e+004, 1.63218e+004
 0, 151,  39.75151896,-105.22101416,   0,0,4, 1760.62, 76181461.200,210941.4612,  165.1, 9.64296e+003, 1.03830e+003, 1.00579e+004, 7.22152e+002, 9.94509e+003, 1.52295e+003, 1.05662e+004, 4.08419e+003, 1.44699e+004, 1.01709e+004, 1.75385e+004
 0, 152,  39.75151904,-105.22101428,   0,0,4, 1760.62, 76181561.200,210941.5612,  169.8, 9.77552e+003, 1.15445e+003, 1.01603e+004, 7.90310e+002, 1.00793e+004, 1.68421e+003, 1.10032e+004, 4.33717e+003, 1.47609e+004, 1.02465e+004, 1.82126e+004
 0, 153,  39.75151913,-105.22101439,   0,0,4, 1760.63, 76181661.200,210941.6612,  183.9, 9.27886e+003, 8.40156e+002, 9.38460e+003, 6.25682e+002, 9.41148e+003, 1.46668e+003, 1.01884e+004, 4.33448e+003, 1.38727e+004, 1.01335e+004, 1.74004e+004
 0, 154,  39.75151921,-105.22101451,   0,0,4, 1760.63, 76181761.200,210941.7612,  194.4, 8.26324e+003, 3.48943e+002, 7.89196e+003, 1.20351e+002, 7.89570e+003, 1.20191e+003, 8.52594e+003, 4.10742e+003, 1.20605e+004, 9.91126e+003, 1.56899e+004
 0, 155,  39.75151929,-105.22101463,   0,0,4, 1760.64, 76181861.200,210941.8612,  199.8, 8.33962e+003, 9.27916e+001, 7.78305e+003,-9.69657e+001, 7.80629e+003, 9.08313e+002, 8.15593e+003, 3.94166e+003, 1.15082e+004, 9.95841e+003, 1.48042e+004
 0, 156,  39.75151937,-105.22101475,   0,0,4, 1760.64, 76181961.200,210941.9612,  213.5, 1.06205e+004, 3.32271e+002, 1.03300e+004, 2.26310e+002, 9.93939e+003, 8.71273e+002, 1.04858e+004, 3.77689e+003, 1.37651e+004, 1.01788e+004, 1.53856e+004
 0, 157,  39.75151946,-105.22101486,   0,0,4, 1760.65, 76182061.200,210942.0612,  215.8, 1.35483e+004, 1.73461e+003, 1.38049e+004, 8.40217e+002, 1.40709e+004, 1.20719e+003, 1.45847e+004, 3.76934e+003, 1.80145e+004, 1.03929e+004, 1.79443e+004
 0, 158,  39.75151954,-105.22101498,   0,0,4, 1760.65, 76182161.200,210942.1612,  221.5, 1.63353e+004, 3.72588e+003, 1.77908e+004, 1.58359e+003, 1.86870e+004, 1.53174e+003, 1.91775e+004, 4.12078e+003, 2.27018e+004, 1.05403e+004, 2.15023e+004
 0, 159,  39.75151950,-105.22101499,   0,0,4, 1760.66, 76182261.200,210942.2612,  221.2, 1.94232e+004, 5.45368e+003, 2.17560e+004, 2.54751e+003, 2.30176e+004, 2.30600e+003, 2.39579e+004, 4.58257e+003, 2.74672e+004, 1.09079e+004, 2.57977e+004
 0, 160,  39.75151937,-105.22101493,   0,0,4, 1760.66, 76182361.200,210942.3612,  199.2, 2.17433e+004, 6.57384e+003, 2.48682e+004, 3.44694e+003, 2.65160e+004, 2.85966e+003, 2.78083e+004, 4.86924e+003, 3.11574e+004, 1.11293e+004, 2.88790e+004
 0, 161,  39.75151925,-105.22101486,   0,0,4, 1760.66, 76182461.200,210942.4612,  163.3, 2.23222e+004, 7.27958e+003, 2.57566e+004, 3.70836e+003, 2.77427e+004, 3.17940e+003, 2.93205e+004, 4.98593e+003, 3.29046e+004, 1.11812e+004, 3.03345e+004
 0, 162,  39.75151912,-105.22101480,   0,0,4, 1760.67, 76182561.200,210942.5612,  140.8, 2.09555e+004, 6.54461e+003, 2.40641e+004, 3.51305e+003, 2.57911e+004, 3.12439e+003, 2.74714e+004, 4.98832e+003, 3.12695e+004, 1.11429e+004, 2.93133e+004
 0, 163,  39.75151900,-105.22101474,   0,0,4, 1760.67, 76182661.200,210942.6612,  178.1, 1.86326e+004, 4.84665e+003, 2.08317e+004, 2.93563e+003, 2.18339e+004, 2.77483e+003, 2.36028e+004, 5.05953e+003, 2.75544e+004, 1.08259e+004, 2.64425e+004
 0, 164,  39.75151888,-105.22101468,   0,0,4, 1760.68, 76182761.200,210942.7612,  200.1, 1.60614e+004, 4.00076e+003, 1.74577e+004, 2.10160e+003, 1.83331e+004, 2.60440e+003, 1.97455e+004, 4.85491e+003, 2.33796e+004, 1.03583e+004, 2.39200e+004
 0, 165,  39.75151875,-105.22101461,   0,0,4, 1760.68, 76182861.200,210942.8612,  192.2, 1.36588e+004, 2.95106e+003, 1.43613e+004, 1.23044e+003, 1.51309e+004, 2.18332e+003, 1.59699e+004, 4.18174e+003, 1.92185e+004, 1.01027e+004, 2.06492e+004
 0, 166,  39.75151863,-105.22101455,   0,0,4, 1760.68, 76182961.200,210942.9612,  171.9, 1.23908e+004, 1.81512e+003, 1.28091e+004, 8.78769e+002, 1.32836e+004, 1.79027e+003, 1.38630e+004, 3.90448e+003, 1.71896e+004, 1.00783e+004, 1.84669e+004
 0, 167,  39.75151851,-105.22101449,   0,0,4, 1760.69, 76183061.200,210943.0612,  167.2, 1.23986e+004, 1.53212e+003, 1.26382e+004, 8.22801e+002, 1.32946e+004, 1.62291e+003, 1.37666e+004, 3.93996e+003, 1.72748e+004, 1.00784e+004, 1.79962e+004
 0, 168,  39.75151838,-105.22101442,   0,0,4, 1760.69, 76183161.200,210943.1612,  170.1, 1.29684e+004, 1.64343e+003, 1.31328e+004, 8.00653e+002, 1.37319e+004, 1.51031e+003, 1.43245e+004, 3.92214e+003, 1.82205e+004, 1.01281e+004, 1.80047e+004
 0, 169,  39.75151845,-105.22101450,   0,0,4, 1760.69, 76183261.200,210943.2612,  168.8, 1.39224e+004, 2.09411e+003, 1.41349e+004, 9.57302e+002, 1.48115e+004, 1.54364e+003, 1.54241e+004, 4.15601e+003, 1.93532e+004, 1.00226e+004, 1.87737e+004
 0, 170,  39.75151865,-105.22101467,   0,0,4, 1760.69, 76183361.200,210943.3612,  169.8, 1.48983e+004, 2.68562e+003, 1.54139e+004, 1.22468e+003, 1.59210e+004, 1.72276e+003, 1.70937e+004, 4.31968e+003, 2.03757e+004, 9.88363e+003, 1.98364e+004
 0, 171,  39.75151885,-105.22101483,   0,0,4, 1760.69, 76183461.200,210943.4612,  168.6, 1.55068e+004, 3.05661e+003, 1.59214e+004, 1.50908e+003, 1.65538e+004, 1.98862e+003, 1.78787e+004, 4.45992e+003, 2.13470e+004, 1.01276e+004, 2.11418e+004
 0, 172,  39.75151904,-105.22101500,   0,0,4, 1760.68, 76183561.200,210943.5612,  171.0, 1.56190e+004, 3.42993e+003, 1.64331e+004, 1.79536e+003, 1.72174e+004, 2.17762e+003, 1.83028e+004, 4.61126e+003, 2.22487e+004, 1.01140e+004, 2.21281e+004
 0, 173,  39.75151924,-105.22101516,   0,0,4, 1760.68, 76183661.200,210943.6612,  189.9, 1.70910e+004, 3.65933e+003, 1.80002e+004, 2.12063e+003, 1.88925e+004, 2.47211e+003, 2.04435e+004, 4.65224e+003, 2.39594e+004, 1.01999e+004, 2.31042e+004
 0, 174,  39.75151943,-105.22101533,   0,0,4, 1760.68, 76183761.200,210943.7612,  206.1, 1.91962e+004, 3.88981e+003, 1.98688e+004, 2.44189e+003, 2.11250e+004, 2.68731e+003, 2.26683e+004, 4.75525e+003, 2.62322e+004, 1.07211e+004, 2.44954e+004
 0, 175,  39.75151963,-105.22101549,   0,0,4, 1760.68, 76183861.200,210943.8612,  215.2, 1.94354e+004, 4.09359e+003, 2.04581e+004, 2.49377e+003, 2.15199e+004, 2.70537e+003, 2.29860e+004, 4.91731e+003, 2.69668e+004, 1.09916e+004, 2.52017e+004
 0, 176,  39.75151982,-105.22101566,   0,0,4, 1760.67, 76183961.200,210943.9612,  236.9, 1.84004e+004, 4.32265e+003, 1.96860e+004, 2.74978e+003, 2.08587e+004, 2.86907e+003, 2.23728e+004, 5.09515e+003, 2.65061e+004, 1.10601e+004, 2.60967e+004
 0, 177,  39.75152002,-105.22101583,   0,0,4, 1760.67, 76184061.200,210944.0612,  246.8, 1.67714e+004, 4.71972e+003, 1.83724e+004, 2.90441e+003, 1.99147e+004, 2.98888e+003, 2.15230e+004, 5.02074e+003, 2.54096e+004, 1.07994e+004, 2.64332e+004
 0, 178,  39.75152022,-105.22101599,   0,0,4, 1760.67, 76184161.200,210944.1612,  247.9, 1.54483e+004, 4.85829e+003, 1.75439e+004, 3.01188e+003, 1.92500e+004, 3.02982e+003, 2.06272e+004, 4.82657e+003, 2.43694e+004, 1.06297e+004, 2.63563e+004
 0, 179,  39.75152025,-105.22101609,   0,0,4, 1760.67, 76184261.200,210944.2612,  251.8, 1.45567e+004, 4.71773e+003, 1.67973e+004, 3.15233e+003, 1.86531e+004, 3.03529e+003, 1.98592e+004, 4.81323e+003, 2.36633e+004, 1.06362e+004, 2.63547e+004
 0, 180,  39.75152019,-105.22101614,   0,0,4, 1760.67, 76184361.200,210944.3612,  251.7, 1.34315e+004, 4.67918e+003, 1.58739e+004, 3.09418e+003, 1.75959e+004, 3.05738e+003, 1.88304e+004, 4.75407e+003, 2.28439e+004, 1.05727e+004, 2.61575e+004
 0, 181,  39.75152013,-105.22101619,   0,0,4, 1760.67, 76184461.200,210944.4612,  250.8, 1.22597e+004, 4.63237e+003, 1.46852e+004, 3.16066e+003, 1.65762e+004, 2.99078e+003, 1.78420e+004, 4.88634e+003, 2.16696e+004, 1.03565e+004, 2.60267e+004
 0, 182,  39.75152006,-105.22101624,   0,0,4, 1760.68, 76184561.200,210944.5612,  252.5, 1.12954e+004, 4.49458e+003, 1.38163e+004, 3.35116e+003, 1.53810e+004, 2.78569e+003, 1.69614e+004, 4.98323e+003, 2.06152e+004, 1.00587e+004, 2.56734e+004
 0, 183,  39.75152000,-105.22101629,   0,0,4, 1760.68, 76184661.200,210944.6612,  263.2, 1.07097e+004, 4.45714e+003, 1.31973e+004, 3.41177e+003, 1.46390e+004, 2.87347e+003, 1.64506e+004, 4.91992e+003, 2.00162e+004, 9.91634e+003, 2.55786e+004
 0, 184,  39.75151993,-105.22101634,   0,0,4, 1760.68, 76184761.200,210944.7612,  265.0, 1.03512e+004, 4.65619e+003, 1.29937e+004, 3.51039e+003, 1.44737e+004, 3.08829e+003, 1.65910e+004, 4.91221e+003, 1.97662e+004, 9.95374e+003, 2.61208e+004
 0, 185,  39.75151987,-105.22101639,   0,0,4, 1760.68, 76184861.200,210944.8612,  267.6, 1.02083e+004, 4.66232e+003, 1.29163e+004, 3.49409e+003, 1.43738e+004, 3.27663e+003, 1.64824e+004, 5.00339e+003, 1.96791e+004, 9.85216e+003, 2.62886e+004
 0, 186,  39.75151981,-105.22101644,   0,0,4, 1760.69, 76184961.200,210944.9612,  275.1, 9.83932e+003, 4.42717e+003, 1.26145e+004, 3.43789e+003, 1.42080e+004, 3.37694e+003, 1.58924e+004, 5.03170e+003, 1.93456e+004, 9.79930e+003, 2.60730e+004
 0, 187,  39.75151974,-105.22101649,   0,0,4, 1760.69, 76185061.200,210945.0612,  279.8, 8.99647e+003, 4.23876e+003, 1.18977e+004, 3.32707e+003, 1.34306e+004, 3.36386e+003, 1.51233e+004, 5.04165e+003, 1.85212e+004, 9.76264e+003, 2.57340e+004
 0, 188,  39.75151968,-105.22101654,   0,0,4, 1760.69, 76185161.200,210945.1612,  283.0, 7.89309e+003, 4.12690e+003, 1.06795e+004, 3.12119e+003, 1.24678e+004, 3.19685e+003, 1.42264e+004, 5.00314e+003, 1.74725e+004, 9.68487e+003, 2.51330e+004
 0, 189,  39.75151961,-105.22101671,   0,0,4, 1760.70, 76185261.200,210945.2612,  285.7, 6.75662e+003, 3.99886e+003, 9.53575e+003, 2.89771e+003, 1.14266e+004, 2.92217e+003, 1.30821e+004, 4.83028e+003, 1.62957e+004, 9.56947e+003, 2.42185e+004
 0, 190,  39.75151954,-105.22101697,   0,0,4, 1760.70, 76185361.200,210945.3612,  288.4, 5.78980e+003, 3.89849e+003, 8.68125e+003, 2.84052e+003, 1.05027e+004, 2.85625e+003, 1.21271e+004, 4.68609e+003, 1.53744e+004, 9.50744e+003, 2.37888e+004
 0, 191,  39.75151947,-105.22101722,   0,0,4, 1760.71, 76185461.200,210945.4612,  290.6, 5.25640e+003, 3.92140e+003, 8.07841e+003, 2.93737e+003, 1.01039e+004, 2.77476e+003, 1.16612e+004, 4.54471e+003, 1.47805e+004, 9.49410e+003, 2.36723e+004
 0, 192,  39.75151939,-105.22101748,   0,0,4, 1760.72, 76185561.200,210945.5612,  289.0, 5.14790e+003, 3.90875e+003, 7.79818e+003, 2.99606e+003, 9.64937e+003, 2.73560e+003, 1.14072e+004, 4.45224e+003, 1.45299e+004, 9.39753e+003, 2.34902e+004
 0, 193,  39.75151932,-105.22101774,   0,0,4, 1760.73, 76185661.200,210945.6612,  289.9, 5.14475e+003, 3.75469e+003, 7.90175e+003, 2.98304e+003, 9.47284e+003, 2.90314e+003, 1.11853e+004, 4.50201e+003, 1.43804e+004, 9.13589e+003, 2.32788e+004
 0, 194,  39.75151925,-105.22101799,   0,0,4, 1760.74, 76185761.200,210945.7612,  297.3, 5.07531e+003, 3.80440e+003, 7.81586e+003, 3.17350e+003, 9.58838e+003, 3.07994e+003, 1.13838e+004, 4.39931e+003, 1.44569e+004, 8.87753e+003, 2.33347e+004
 0, 195,  39.75151918,-105.22101825,   0,0,4, 1760.74, 76185861.200,210945.8612,  290.8, 4.94355e+003, 4.28050e+003, 7.75080e+003, 3.26021e+003, 9.95007e+003, 3.24407e+003, 1.18239e+004, 4.36044e+003, 1.48540e+004, 8.74429e+003, 2.38895e+004
 0, 196,  39.75151911,-105.22101850,   0,0,4, 1760.75, 76185961.200,210945.9612,  288.7, 4.73497e+003, 4.57654e+003, 7.76825e+003, 3.21451e+003, 1.02652e+004, 3.23367e+003, 1.19838e+004, 4.52425e+003, 1.51758e+004, 8.73567e+003, 2.42846e+004
 0, 197,  39.75151903,-105.22101876,   0,0,4, 1760.76, 76186061.200,210946.0612,  287.4, 4.57945e+003, 4.41866e+003, 7.61357e+003, 3.34477e+003, 1.02120e+004, 3.14628e+003, 1.18238e+004, 4.56835e+003, 1.49314e+004, 8.62586e+003, 2.41039e+004
 0, 198,  39.75151896,-105.22101902,   0,0,4, 1760.77, 76186161.200,210946.1612,  289.1, 4.25804e+003, 4.45484e+003, 7.33857e+003, 3.41378e+003, 9.82670e+003, 2.99482e+003, 1.14015e+004, 4.50763e+003, 1.44286e+004, 8.39323e+003, 2.37643e+004
 0, 199,  39.75151888,-105.22101908,   0,0,4, 1760.77, 76186261.200,210946.2612,  277.7, 4.01775e+003, 4.52778e+003, 7.17162e+003, 3.33492e+003, 9.43930e+003, 2.89330e+003, 1.10754e+004, 4.34899e+003, 1.40474e+004, 8.17700e+003, 2.32820e+004
 0, 200,  39.75151879,-105.22101901,   0,0,4, 1760.77, 76186361.200,210946.3612,  275.9, 3.99458e+003, 4.24059e+003, 6.98248e+003, 3.35321e+003, 9.22507e+003, 2.78978e+003, 1.07131e+004, 4.21357e+003, 1.36476e+004, 8.08994e+003, 2.26871e+004
 0, 201,  39.75151870,-105.22101895,   0,0,4, 1760.77, 76186461.200,210946.4612,  273.8, 3.90336e+003, 3.84819e+003, 6.61176e+003, 3.31676e+003, 8.77824e+003, 2.58904e+003, 1.02603e+004, 3.98801e+003, 1.31526e+004, 7.94540e+003, 2.16874e+004
 0, 202,  39.75151861,-105.22101888,   0,0,4, 1760.77, 76186561.200,210946.5612,  271.9, 3.69135e+003, 3.69318e+003, 6.21397e+003, 3.24581e+003, 8.44249e+003, 2.62393e+003, 9.91643e+003, 3.86104e+003, 1.26697e+004, 7.66697e+003, 2.10909e+004
 0, 203,  39.75151852,-105.22101882,   0,0,4, 1760.77, 76186661.200,210946.6612,  270.4, 3.60000e+003, 3.62992e+003, 5.95942e+003, 3.25322e+003, 8.19697e+003, 2.67800e+003, 9.72571e+003, 3.69830e+003, 1.24688e+004, 7.52510e+003, 2.07846e+004
 0, 204,  39.75151843,-105.22101875,   0,0,4, 1760.77, 76186761.200,210946.7612,  270.0, 3.51563e+003, 3.56375e+003, 5.90094e+003, 3.15913e+003, 7.95060e+003, 2.83965e+003, 9.75506e+003, 3.72262e+003, 1.23473e+004, 7.48095e+003, 2.07661e+004
 0, 205,  39.75151833,-105.22101869,   0,0,4, 1760.77, 76186861.200,210946.8612,  268.7, 3.41267e+003, 3.66732e+003, 5.92126e+003, 3.04751e+003, 7.88694e+003, 2.92954e+003, 9.63979e+003, 3.85297e+003, 1.21453e+004, 7.48861e+003, 2.09860e+004
 0, 206,  39.75151824,-105.22101863,   0,0,4, 1760.77, 76186961.200,210946.9612,  264.3, 3.19382e+003, 3.74344e+003, 5.76564e+003, 2.86367e+003, 7.73548e+003, 2.86541e+003, 9.25914e+003, 3.79859e+003, 1.18515e+004, 7.42026e+003, 2.06914e+004
 0, 207,  39.75151815,-105.22101856,   0,0,4, 1760.77, 76187061.200,210947.0612,  255.0, 2.96283e+003, 3.50868e+003, 5.34857e+003, 2.59185e+003, 7.47856e+003, 2.70897e+003, 8.79062e+003, 3.53501e+003, 1.12953e+004, 7.21719e+003, 1.95617e+004
 0, 208,  39.75151806,-105.22101850,   0,0,4, 1760.77, 76187161.200,210947.1612,  251.3, 2.94360e+003, 3.03580e+003, 5.01471e+003, 2.49705e+003, 6.85869e+003, 2.38162e+003, 8.07568e+003, 3.30466e+003, 1.04255e+004, 6.87559e+003, 1.80947e+004
 0, 209,  39.75151793,-105.22101861,   0,0,4, 1760.77, 76187261.200,210947.2612,  248.4, 2.59143e+003, 2.75214e+003, 4.43477e+003, 2.49280e+003, 6.01112e+003, 2.07940e+003, 7.15021e+003, 3.22697e+003, 9.45729e+003, 6.64098e+003, 1.71923e+004
 0, 210,  39.75151776,-105.22101885,   0,0,4, 1760.76, 76187361.200,210947.3612,  241.8, 1.92338e+003, 2.65910e+003, 3.63892e+003, 2.10168e+003, 5.08914e+003, 1.86902e+003, 6.26659e+003, 3.07437e+003, 8.36331e+003, 6.43061e+003, 1.61348e+004
 0, 211,  39.75151760,-105.22101908,   0,0,4, 1760.76, 76187461.200,210947.4612,  236.3, 1.33178e+003, 2.43899e+003, 2.85262e+003, 1.71176e+003, 4.02462e+003, 1.80019e+003, 5.12858e+003, 2.90773e+003, 7.12052e+003, 6.02382e+003, 1.48825e+004
 0, 212,  39.75151743,-105.22101932,   0,0,4, 1760.76, 76187561.200,210947.5612,  235.4, 1.03545e+003, 2.08050e+003, 2.16511e+003, 1.56159e+003, 3.27882e+003, 1.69699e+003, 4.27141e+003, 2.67339e+003, 6.24344e+003, 5.62703e+003, 1.36395e+004
 0, 213,  39.75151727,-105.22101955,   0,0,4, 1760.75, 76187661.200,210947.6612,  236.1, 7.80033e+002, 1.80637e+003, 1.92194e+003, 1.65008e+003, 2.83830e+003, 1.63184e+003, 3.85053e+003, 2.58055e+003, 5.89531e+003, 5.51832e+003, 1.31871e+004
 0, 214,  39.75151710,-105.22101978,   0,0,4, 1760.75, 76187761.200,210947.7612,  232.2, 6.92213e+002, 1.76932e+003, 1.86891e+003, 1.76418e+003, 2.80518e+003, 1.73936e+003, 3.76402e+003, 2.63214e+003, 5.73720e+003, 5.52865e+003, 1.34337e+004
 0, 215,  39.75151693,-105.22102002,   0,0,4, 1760.75, 76187861.200,210947.8612,  231.1, 7.44401e+002, 1.71897e+003, 1.86993e+003, 1.71361e+003, 2.94629e+003, 1.71351e+003, 3.86180e+003, 2.63938e+003, 5.74847e+003, 5.54245e+003, 1.33279e+004
 0, 216,  39.75151677,-105.22102025,   0,0,4, 1760.75, 76187961.200,210947.9612,  229.2, 6.40583e+002, 1.66020e+003, 1.84793e+003, 1.61534e+003, 3.04358e+003, 1.85034e+003, 3.94118e+003, 2.86031e+003, 5.95386e+003, 5.78881e+003, 1.37750e+004
 0, 217,  39.75151660,-105.22102048,   0,0,4, 1760.74, 76188061.200,210948.0612,  222.9, 5.07654e+002, 1.71516e+003, 1.81708e+003, 1.75590e+003, 3.12586e+003, 2.21061e+003, 4.07974e+003, 3.18375e+003, 6.40611e+003, 6.09953e+003, 1.49649e+004
 0, 218,  39.75151644,-105.22102072,   0,0,4, 1760.74, 76188161.200,210948.1612,  215.8, 3.68482e+002, 1.76394e+003, 1.80802e+003, 1.84780e+003, 3.02753e+003, 2.28427e+003, 4.15633e+003, 3.32218e+003, 6.87451e+003, 6.41473e+003, 1.56329e+004
 0, 219,  39.75151638,-105.22102072,   0,0,4, 1760.74, 76188261.200,210948.2612,  215.0, 2.14800e+002, 1.80846e+003, 1.78485e+003, 1.86571e+003, 3.10254e+003, 2.21553e+003, 4.20142e+003, 3.35134e+003, 6.92758e+003, 6.57330e+003, 1.58143e+004
 0, 220,  39.75151638,-105.22102058,   0,0,4, 1760.75, 76188361.200,210948.3612,  170.8, 1.86146e+001, 2.10812e+003, 1.83971e+003, 1.77292e+003, 3.24399e+003, 2.08662e+003, 4.48208e+003, 3.24167e+003, 6.79160e+003, 6.26822e+003, 1.54776e+004
 0, 221,  39.75151638,-105.22102044,   0,0,4, 1760.75, 76188461.200,210948.4612,  172.8, 4.98002e+002, 1.82084e+003, 2.34302e+003, 1.89200e+003, 3.51695e+003, 1.97292e+003, 4.83578e+003, 2.83374e+003, 6.89272e+003, 5.58358e+003, 1.41031e+004
 0, 222,  39.75151639,-105.22102031,   0,0,4, 1760.76, 76188561.200,210948.5612,  176.4, 8.67603e+002, 1.52656e+003, 2.58940e+003, 2.07281e+003, 3.63831e+003, 1.97324e+003, 4.86264e+003, 2.62644e+003, 6.95865e+003, 5.23490e+003, 1.34339e+004
 0, 223,  39.75151639,-105.22102017,   0,0,4, 1760.76, 76188661.200,210948.6612,  166.6, 6.59195e+002, 1.89241e+003, 2.39566e+003, 2.04259e+003, 3.40077e+003, 1.94436e+003, 4.73727e+003, 2.84062e+003, 6.88215e+003, 5.22473e+003, 1.39447e+004
 0, 224,  39.75151639,-105.22102003,   0,0,4, 1760.76, 76188761.200,210948.7612,  181.8, 9.59020e+002, 1.85668e+003, 2.41196e+003, 2.13733e+003, 3.40188e+003, 1.91816e+003, 4.64003e+003, 2.90547e+003, 6.89150e+003, 5.31265e+003, 1.41303e+004
 0, 225,  39.75151640,-105.22101989,   0,0,4, 1760.77, 76188861.200,210948.8612,  188.4, 8.80811e+002, 2.01126e+003, 2.42051e+003, 2.14237e+003, 3.39649e+003, 1.88895e+003, 4.60161e+003, 2.84293e+003, 6.96492e+003, 5.44838e+003, 1.43339e+004
 0, 226,  39.75151640,-105.22101975,   0,0,4, 1760.77, 76188961.200,210948.9612,  199.1, 6.26774e+002, 2.05548e+003, 2.42707e+003, 1.96600e+003, 3.45713e+003, 2.01813e+003, 4.48893e+003, 2.95211e+003, 7.00879e+003, 5.70548e+003, 1.46972e+004
 0, 227,  39.75151640,-105.22101961,   0,0,4, 1760.78, 76189061.200,210949.0612,  205.7, 5.33348e+002, 2.05412e+003, 2.31226e+003, 1.75992e+003, 3.50463e+003, 2.15764e+003, 4.43879e+003, 2.99690e+003, 6.93267e+003, 5.90400e+003, 1.48726e+004
 0, 228,  39.75151641,-105.22101948,   0,0,4, 1760.78, 76189161.200,210949.1612,  214.9, 4.79370e+002, 2.10007e+003, 2.12148e+003, 1.73517e+003, 3.52981e+003, 2.23767e+003, 4.60081e+003, 3.00800e+003, 6.90254e+003, 6.21921e+003, 1.53001e+004
 0, 229,  39.75151645,-105.22101926,   0,0,4, 1760.78, 76189261.200,210949.2612,  216.0, 7.05081e+002, 2.01840e+003, 2.10851e+003, 1.77155e+003, 3.60467e+003, 2.16842e+003, 4.65427e+003, 3.13183e+003, 7.12745e+003, 6.45105e+003, 1.55412e+004
 0, 230,  39.75151653,-105.22101900,   0,0,4, 1760.78, 76189361.200,210949.3612,  212.0, 8.00016e+002, 1.92705e+003, 2.14171e+003, 1.63892e+003, 3.71916e+003, 2.01577e+003, 4.78166e+003, 3.30218e+003, 7.52178e+003, 6.68964e+003, 1.55736e+004
 0, 231,  39.75151661,-105.22101874,   0,0,4, 1760.78, 76189461.200,210949.4612,  200.9, 8.61205e+002, 1.98997e+003, 2.28673e+003, 1.70171e+003, 4.03422e+003, 2.08623e+003, 5.23422e+003, 3.54483e+003, 7.92576e+003, 6.89937e+003, 1.62221e+004
 0, 232,  39.75151668,-105.22101848,   0,0,4, 1760.78, 76189561.200,210949.5612,  193.5, 1.18038e+003, 2.08855e+003, 2.67379e+003, 2.00253e+003, 4.36731e+003, 2.16960e+003, 5.76026e+003, 3.72522e+003, 8.51678e+003, 6.95230e+003, 1.69382e+004
 0, 233,  39.75151676,-105.22101821,   0,0,4, 1760.78, 76189661.200,210949.6612,  198.4, 1.42553e+003, 2.14728e+003, 3.20673e+003, 2.16572e+003, 4.70838e+003, 2.36111e+003, 6.15221e+003, 3.61376e+003, 8.93908e+003, 6.85255e+003, 1.71404e+004
 0, 234,  39.75151683,-105.22101795,   0,0,4, 1760.78, 76189761.200,210949.7612,  209.1, 1.48752e+003, 2.30619e+003, 3.50109e+003, 2.24105e+003, 5.04522e+003, 2.46392e+003, 6.52352e+003, 3.49653e+003, 9.29881e+003, 6.85919e+003, 1.73669e+004
 0, 235,  39.75151691,-105.22101769,   0,0,4, 1760.78, 76189861.200,210949.8612,  217.8, 1.55000e+003, 2.36465e+003, 3.50830e+003, 2.19395e+003, 5.21485e+003, 2.50514e+003, 6.99050e+003, 3.79222e+003, 9.76464e+003, 7.16960e+003, 1.80256e+004
 0, 236,  39.75151699,-105.22101743,   0,0,4, 1760.78, 76189961.200,210949.9612,  223.6, 1.63114e+003, 2.38569e+003, 3.48275e+003, 2.25564e+003, 5.35593e+003, 2.76046e+003, 7.18809e+003, 4.01413e+003, 9.94942e+003, 7.60085e+003, 1.90168e+004
 0, 237,  39.75151706,-105.22101717,   0,0,4, 1760.78, 76190061.200,210950.0612,  228.6, 1.49129e+003, 2.49517e+003, 3.52291e+003, 2.46797e+003, 5.42709e+003, 2.92119e+003, 7.15368e+003, 3.96771e+003, 1.00553e+004, 7.70518e+003, 1.95572e+004
 0, 238,  39.75151714,-105.22101690,   0,0,4, 1760.78, 76190161.200,210950.1612,  229.8, 1.34092e+003, 2.71174e+003, 3.50418e+003, 2.64268e+003, 5.64241e+003, 2.95867e+003, 7.14156e+003, 4.00793e+003, 1.02012e+004, 7.44030e+003, 1.97613e+004
 0, 239,  39.75151720,-105.22101693,   0,0,4, 1760.78, 76190261.200,210950.2612,  228.8, 1.24998e+003, 2.66075e+003, 3.51290e+003, 2.68124e+003, 5.64687e+003, 2.78619e+003, 7.12649e+003, 3.98249e+003, 1.02652e+004, 7.34446e+003, 1.94551e+004
 0, 240,  39.75151726,-105.22101715,   0,0,4, 1760.78, 76190361.200,210950.3612,  235.1, 1.30928e+003, 2.52547e+003, 3.46245e+003, 2.69794e+003, 5.54302e+003, 2.60375e+003, 6.96719e+003, 3.94936e+003, 1.00418e+004, 7.38976e+003, 1.91663e+004
 0, 241,  39.75151731,-105.22101736,   0,0,4, 1760.78, 76190461.200,210950.4612,  231.2, 1.10029e+003, 2.66325e+003, 3.14630e+003, 2.65767e+003, 5.20754e+003, 2.50050e+003, 6.62585e+003, 3.66646e+003, 9.48747e+003, 7.10912e+003, 1.85970e+004
 0, 242,  39.75151737,-105.22101757,   0,0,4, 1760.78, 76190561.200,210950.5612,  230.7, 8.10456e+002, 2.70023e+003, 2.94761e+003, 2.62952e+003, 4.84081e+003, 2.41389e+003, 6.36530e+003, 3.52551e+003, 9.05004e+003, 6.77064e+003, 1.80398e+004
 0, 243,  39.75151743,-105.22101778,   0,0,4, 1760.78, 76190661.200,210950.6612,  231.7, 7.31711e+002, 2.60907e+003, 2.95163e+003, 2.69360e+003, 4.77436e+003, 2.55699e+003, 6.15134e+003, 3.53772e+003, 8.82337e+003, 6.70151e+003, 1.80989e+004
 0, 244,  39.75151748,-105.22101800,   0,0,4, 1760.78, 76190761.200,210950.7612,  232.1, 7.00225e+002, 2.61569e+003, 2.83874e+003, 2.78336e+003, 4.51977e+003, 2.61137e+003, 5.89034e+003, 3.53357e+003, 8.49250e+003, 6.94873e+003, 1.84927e+004
 0, 245,  39.75151754,-105.22101821,   0,0,4, 1760.78, 76190861.200,210950.8612,  229.7, 7.60944e+002, 2.36620e+003, 2.73858e+003, 2.78797e+003, 4.31875e+003, 2.41634e+003, 5.72118e+003, 3.67817e+003, 8.43662e+003, 7.19367e+003, 1.84424e+004
 0, 246,  39.75151760,-105.22101842,   0,0,4, 1760.78, 76190961.200,210950.9612,  227.8, 7.07509e+002, 2.11991e+003, 2.77889e+003, 2.68262e+003, 4.32789e+003, 2.24556e+003, 5.65937e+003, 3.60948e+003, 8.51114e+003, 7.24121e+003, 1.78988e+004
 0, 247,  39.75151765,-105.22101863,   0,0,4, 1760.78, 76191061.200,210951.0612,  226.0, 5.74809e+002, 2.26660e+003, 2.77470e+003, 2.55365e+003, 4.36493e+003, 2.43091e+003, 5.65676e+003, 3.42227e+003, 8.47182e+003, 7.09571e+003, 1.77691e+004
 0, 248,  39.75151771,-105.22101885,   0,0,4, 1760.78, 76191161.200,210951.1612,  225.9, 7.00140e+002, 2.39849e+003, 2.86422e+003, 2.39484e+003, 4.42201e+003, 2.48060e+003, 5.81367e+003, 3.42745e+003, 8.39070e+003, 7.08490e+003, 1.77863e+004
 0, 249,  39.75151770,-105.22101895,   0,0,4, 1760.77, 76191261.200,210951.2612,  224.8, 8.78797e+002, 2.33838e+003, 2.99209e+003, 2.37752e+003, 4.47250e+003, 2.35196e+003, 5.92260e+003, 3.53952e+003, 8.53962e+003, 7.09814e+003, 1.77055e+004
 0, 250,  39.75151765,-105.22101900,   0,0,4, 1760.77, 76191361.200,210951.3612,  228.4, 8.81817e+002, 2.44798e+003, 2.88647e+003, 2.52998e+003, 4.44673e+003, 2.37397e+003, 6.00151e+003, 3.66046e+003, 8.63308e+003, 6.97806e+003, 1.79904e+004
 0, 251,  39.75151760,-105.22101904,   0,0,4, 1760.77, 76191461.200,210951.4612,  228.7, 7.92028e+002, 2.57555e+003, 2.73604e+003, 2.81278e+003, 4.34948e+003, 2.38056e+003, 6.24548e+003, 3.61563e+003, 8.48637e+003, 6.99643e+003, 1.83809e+004
 0, 252,  39.75151756,-105.22101908,   0,0,4, 1760.77, 76191561.200,210951.5612,  234.6, 6.84938e+002, 2.53430e+003, 2.70205e+003, 3.04984e+003, 4.40078e+003, 2.59665e+003, 6.40085e+003, 3.66624e+003, 8.57115e+003, 7.02850e+003, 1.88755e+004
 0, 253,  39.75151751,-105.22101912,   0,0,4, 1760.77, 76191661.200,210951.6612,  231.9, 6.02793e+002, 2.55386e+003, 2.78079e+003, 2.89006e+003, 4.46486e+003, 2.82244e+003, 6.14821e+003, 4.03401e+003, 8.89357e+003, 6.78425e+003, 1.90846e+004
 0, 254,  39.75151746,-105.22101916,   0,0,4, 1760.77, 76191761.200,210951.7612,  234.1, 4.75695e+002, 2.63173e+003, 2.98168e+003, 2.75600e+003, 4.67047e+003, 2.98330e+003, 5.98121e+003, 4.40979e+003, 9.21793e+003, 6.71821e+003, 1.94990e+004
 0, 255,  39.75151741,-105.22101920,   0,0,4, 1760.77, 76191861.200,210951.8612,  233.8, 3.06597e+002, 2.69635e+003, 3.01828e+003, 2.75369e+003, 4.96867e+003, 3.10352e+003, 5.79976e+003, 4.15631e+003, 9.32577e+003, 6.75394e+003, 1.94638e+004
 0, 256,  39.75151736,-105.22101924,   0,0,4, 1760.77, 76191961.200,210951.9612,  234.5, 1.54277e+002, 2.73218e+003, 2.96621e+003, 2.78538e+003, 5.08958e+003, 2.93018e+003, 6.37142e+003, 4.12752e+003, 9.49015e+003, 6.68231e+003, 1.92576e+004
 0, 257,  39.75151731,-105.22101928,   0,0,4, 1760.77, 76192061.200,210952.0612,  235.7, 2.92242e+001, 2.88664e+003, 2.92106e+003, 2.96404e+003, 5.12959e+003, 2.99810e+003, 7.27647e+003, 4.54354e+003, 9.59598e+003, 6.89635e+003, 2.02887e+004
 0, 258,  39.75151727,-105.22101932,   0,0,4, 1760.77, 76192161.200,210952.1612,  236.6,-5.14325e+000, 3.02924e+003, 2.87486e+003, 3.13693e+003, 4.99804e+003, 3.11740e+003, 7.23001e+003, 4.33337e+003, 9.69129e+003, 7.08559e+003, 2.07025e+004
 0, 259,  39.75151724,-105.22101940,   0,0,4, 1760.77, 76192261.200,210952.2612,  238.3,-7.96551e+000, 3.12543e+003, 2.94991e+003, 3.30168e+003, 4.88123e+003, 3.05194e+003, 6.88208e+003, 3.95555e+003, 1.00231e+004, 7.07029e+003, 2.05049e+004
 0, 260,  39.75151723,-105.22101950,   0,0,4, 1760.77, 76192361.200,210952.3612,  236.6,-9.26568e+001, 3.16308e+003, 2.80657e+003, 3.34777e+003, 4.86222e+003, 3.24559e+003, 7.24506e+003, 4.14358e+003, 1.01422e+004, 7.26246e+003, 2.11625e+004
 0, 261,  39.75151722,-105.22101960,   0,0,4, 1760.77, 76192461.200,210952.4612,  235.5,-8.19303e+001, 3.08182e+003, 2.62372e+003, 3.21136e+003, 4.84896e+003, 3.48104e+003, 7.84871e+003, 4.20335e+003, 1.00247e+004, 7.41369e+003, 2.13913e+004
 0, 262,  39.75151720,-105.22101971,   0,0,4, 1760.77, 76192561.200,210952.5612,  236.3,-5.76886e+001, 2.97308e+003, 2.77634e+003, 3.04372e+003, 4.80215e+003, 3.52120e+003, 7.60801e+003, 3.82432e+003, 1.01474e+004, 7.09610e+003, 2.04584e+004
 0, 263,  39.75151719,-105.22101981,   0,0,4, 1760.77, 76192661.200,210952.6612,  235.1,-7.80152e+001, 3.07651e+003, 2.86416e+003, 3.02458e+003, 4.78098e+003, 3.39998e+003, 7.25804e+003, 3.98314e+003, 9.95427e+003, 6.80854e+003, 2.02928e+004
 0, 264,  39.75151718,-105.22101991,   0,0,4, 1760.77, 76192761.200,210952.7612,  234.9,-7.92324e+001, 3.21330e+003, 2.75581e+003, 2.98769e+003, 5.00813e+003, 3.34287e+003, 7.11544e+003, 4.02214e+003, 9.55662e+003, 6.65465e+003, 2.02207e+004
 0, 265,  39.75151717,-105.22102001,   0,0,4, 1760.77, 76192861.200,210952.8612,  235.5, 1.03579e+002, 3.16787e+003, 2.74096e+003, 2.91838e+003, 5.24644e+003, 3.28991e+003, 6.65276e+003, 4.07961e+003, 9.77578e+003, 6.40867e+003, 1.98644e+004
 0, 266,  39.75151716,-105.22102011,   0,0,4, 1760.77, 76192961.200,210952.9612,  233.9, 3.18931e+002, 3.02963e+003, 3.01112e+003, 3.01500e+003, 5.46110e+003, 3.15512e+003, 6.62327e+003, 3.96516e+003, 1.00658e+004, 6.72850e+003, 1.98934e+004
 0, 267,  39.75151714,-105.22102022,   0,0,4, 1760.77, 76193061.200,210953.0612,  237.1, 2.96791e+002, 2.96458e+003, 3.40393e+003, 2.87064e+003, 5.67889e+003, 2.91819e+003, 6.89117e+003, 3.80718e+003, 9.93326e+003, 7.00824e+003, 1.95688e+004
 0, 268,  39.75151713,-105.22102032,   0,0,4, 1760.77, 76193161.200,210953.1612,  231.8, 5.45015e+002, 3.35453e+003, 3.41125e+003, 2.78433e+003, 5.81871e+003, 2.79657e+003, 7.00661e+003, 3.66866e+003, 9.98395e+003, 6.94916e+003, 1.95533e+004
 0, 269,  39.75151713,-105.22102037,   0,0,4, 1760.77, 76193261.200,210953.2612,  208.2, 8.78438e+002, 3.90528e+003, 3.43455e+003, 3.03635e+003, 5.85947e+003, 2.83486e+003, 7.42845e+003, 3.49579e+003, 1.01413e+004, 6.32756e+003, 1.95998e+004
 0, 270,  39.75151713,-105.22102040,   0,0,4, 1760.77, 76193361.200,210953.3612,  186.9, 1.19635e+003, 3.86413e+003, 3.70345e+003, 2.94833e+003, 5.82365e+003, 2.58724e+003, 7.54203e+003, 3.21808e+003, 9.83022e+003, 5.48175e+003, 1.80995e+004
 0, 271,  39.75151713,-105.22102043,   0,0,4, 1760.77, 76193461.200,210953.4612,  111.7, 1.69699e+003, 3.24301e+003, 4.04122e+003, 2.89666e+003, 5.53353e+003, 2.38253e+003, 7.20857e+003, 2.78601e+003, 9.25619e+003, 4.68306e+003, 1.59913e+004
 0, 272,  39.75151713,-105.22102045,   0,0,4, 1760.77, 76193561.200,210953.5612,  187.6, 2.71944e+003, 6.96482e+002, 4.48995e+003, 2.94474e+003, 5.29880e+003, 2.00082e+003, 6.48993e+003, 2.32230e+003, 8.29297e+003, 4.17901e+003, 1.21433e+004
 0, 273,  39.75151713,-105.22102048,   0,0,4, 1760.77, 76193661.200,210953.6612,  213.1, 1.19553e+003, 1.79524e+003, 3.49947e+003, 2.41304e+003, 4.85675e+003, 2.03573e+003, 5.76613e+003, 2.39068e+003, 7.87733e+003, 4.36576e+003, 1.30004e+004
 0, 274,  39.75151712,-105.22102051,   0,0,4, 1760.77, 76193761.200,210953.7612,  181.2,-9.50229e+002, 4.47328e+003, 2.03938e+003, 2.04996e+003, 4.11018e+003, 2.49067e+003, 5.54590e+003, 3.18019e+003, 8.17882e+003, 5.78676e+003, 1.79809e+004
 0, 275,  39.75151712,-105.22102054,   0,0,4, 1760.77, 76193861.200,210953.8612,  206.0, 3.00034e+002, 1.76362e+003, 1.98568e+003, 2.33226e+003, 3.81077e+003, 2.49142e+003, 5.28557e+003, 3.74542e+003, 8.35349e+003, 6.99887e+003, 1.73316e+004
 0, 276,  39.75151712,-105.22102056,   0,0,4, 1760.78, 76193961.200,210953.9612,  178.9, 4.59115e+002, 1.75167e+003, 1.92281e+003, 2.20095e+003, 3.94904e+003, 2.39055e+003, 5.27499e+003, 3.70433e+003, 8.09243e+003, 6.78050e+003, 1.68280e+004
 0, 277,  39.75151712,-105.22102059,   0,0,4, 1760.78, 76194061.200,210954.0612,  180.6, 4.51565e+002, 2.50971e+003, 2.01238e+003, 1.91831e+003, 4.01786e+003, 2.18871e+003, 5.23104e+003, 3.21597e+003, 7.53224e+003, 5.97243e+003, 1.58051e+004
 0, 278,  39.75151712,-105.22102062,   0,0,4, 1760.78, 76194161.200,210954.1612,  204.1, 7.12824e+002, 1.98883e+003, 2.33186e+003, 1.97375e+003, 3.79937e+003, 1.92192e+003, 5.02913e+003, 3.00349e+003, 7.20512e+003, 5.75327e+003, 1.46413e+004
 0, 279,  39.75151715,-105.22102045,   0,0,4, 1760.78, 76194261.200,210954.2612,  217.2,-7.85732e+000, 2.23826e+003, 1.87348e+003, 2.01863e+003, 3.43350e+003, 1.88676e+003, 4.81410e+003, 3.18154e+003, 7.20803e+003, 6.11799e+003, 1.54432e+004
 0, 280,  39.75151718,-105.22102015,   0,0,4, 1760.78, 76194361.200,210954.3612,  220.1,-5.80441e+002, 2.21700e+003, 1.18713e+003, 1.97641e+003, 2.83709e+003, 1.91324e+003, 4.40951e+003, 3.10216e+003, 6.99223e+003, 6.33509e+003, 1.55439e+004
 0, 281,  39.75151722,-105.22101985,   0,0,4, 1760.78, 76194461.200,210954.4612,  214.7,-5.90399e+002, 1.90328e+003, 8.93605e+002, 1.89554e+003, 2.22764e+003, 1.90254e+003, 3.68798e+003, 2.93328e+003, 6.30123e+003, 6.30810e+003, 1.49428e+004
 0, 282,  39.75151726,-105.22101955,   0,0,4, 1760.78, 76194561.200,210954.5612,  222.5,-5.29535e+002, 1.38120e+003, 9.39040e+002, 1.81866e+003, 1.87768e+003, 1.87180e+003, 3.17232e+003, 3.01056e+003, 5.79447e+003, 6.04831e+003, 1.41305e+004
 0, 283,  39.75151730,-105.22101925,   0,0,4, 1760.78, 76194661.200,210954.6612,  227.6,-7.25635e+002, 1.71523e+003, 9.69008e+002, 1.81687e+003, 1.76413e+003, 2.02204e+003, 3.20517e+003, 3.07931e+003, 5.71071e+003, 5.88176e+003, 1.45152e+004
 0, 284,  39.75151734,-105.22101895,   0,0,4, 1760.78, 76194761.200,210954.7612,  208.5,-9.34541e+002, 2.22539e+003, 7.21104e+002, 1.73527e+003, 1.78486e+003, 2.06366e+003, 3.33050e+003, 3.02274e+003, 5.65169e+003, 5.83974e+003, 1.48868e+004
 0, 285,  39.75151738,-105.22101865,   0,0,4, 1760.78, 76194861.200,210954.8612,  209.6,-5.65207e+002, 1.51961e+003, 7.54728e+002, 1.71234e+003, 1.80167e+003, 2.05333e+003, 3.24651e+003, 2.97130e+003, 5.52046e+003, 5.76379e+003, 1.40204e+004
 0, 286,  39.75151742,-105.22101835,   0,0,4, 1760.78, 76194961.200,210954.9612,  227.8,-2.96462e+002, 7.22693e+002, 8.08183e+002, 1.71199e+003, 1.98339e+003, 2.05190e+003, 3.12698e+003, 2.95836e+003, 5.60649e+003, 5.88413e+003, 1.33291e+004
 0, 287,  39.75151746,-105.22101805,   0,0,4, 1760.78, 76195061.200,210955.0612,  228.8,-1.01086e+003, 2.15970e+003, 6.52977e+002, 1.71482e+003, 2.14220e+003, 2.08723e+003, 3.26380e+003, 3.20149e+003, 5.92661e+003, 6.08506e+003, 1.52483e+004
 0, 288,  39.75151749,-105.22101775,   0,0,4, 1760.78, 76195161.200,210955.1612,  243.1,-1.44072e+003, 3.05633e+003, 5.27911e+002, 1.70380e+003, 2.28267e+003, 2.12815e+003, 3.37205e+003, 3.38991e+003, 6.24591e+003, 6.19660e+003, 1.64748e+004
 0, 289,  39.75151773,-105.22101760,   0,0,4, 1760.78, 76195261.200,210955.2612,  224.7,-1.73786e+003, 3.30700e+003, 4.46753e+002, 1.65498e+003, 2.16717e+003, 2.12191e+003, 3.35290e+003, 3.40585e+003, 5.95941e+003, 6.06527e+003, 1.65550e+004
 0, 290,  39.75151809,-105.22101755,   0,0,4, 1760.77, 76195361.200,210955.3612,  161.3,-1.15702e+003, 2.78512e+003, 6.34337e+002, 1.56840e+003, 2.11357e+003, 1.94457e+003, 3.39222e+003, 3.09521e+003, 5.40356e+003, 5.48603e+003, 1.48793e+004
 0, 291,  39.75151844,-105.22101749,   0,0,4, 1760.77, 76195461.200,210955.4612,  155.3, 8.84401e+002, 5.43692e+002, 1.81517e+003, 1.84198e+003, 2.65150e+003, 1.41208e+003, 3.74923e+003, 2.57951e+003, 5.48838e+003, 4.56261e+003, 1.09399e+004
 0, 292,  39.75151880,-105.22101743,   0,0,4, 1760.77, 76195561.200,210955.5612,  190.1, 1.76182e+003,-3.56325e+002, 2.64942e+003, 1.97765e+003, 3.05361e+003, 1.38126e+003, 4.49087e+003, 2.37418e+003, 5.87693e+003, 4.15488e+003, 9.53165e+003
 0, 293,  39.75151916,-105.22101737,   0,0,4, 1760.77, 76195661.200,210955.6612,  205.1, 6.13865e+002, 1.66556e+003, 2.12812e+003, 1.88779e+003, 3.25161e+003, 1.77476e+003, 4.73275e+003, 2.61468e+003, 6.41270e+003, 4.30800e+003, 1.22508e+004
 0, 294,  39.75151952,-105.22101732,   0,0,4, 1760.76, 76195761.200,210955.7612,  191.0,-6.79927e+001, 3.20947e+003, 1.74642e+003, 1.95490e+003, 3.40437e+003, 2.00281e+003, 4.75929e+003, 2.77926e+003, 6.84800e+003, 4.48902e+003, 1.44355e+004
 0, 295,  39.75151987,-105.22101726,   0,0,4, 1760.76, 76195861.200,210955.8612,  203.3, 1.98307e+002, 3.30519e+003, 2.21969e+003, 2.10898e+003, 3.84980e+003, 2.14422e+003, 5.39843e+003, 2.74969e+003, 7.26933e+003, 4.60705e+003, 1.49151e+004
 0, 296,  39.75152023,-105.22101720,   0,0,4, 1760.76, 76195961.200,210955.9612,  199.8, 4.50574e+002, 3.25721e+003, 2.71287e+003, 2.26026e+003, 4.37880e+003, 2.36045e+003, 5.96718e+003, 2.75070e+003, 7.82549e+003, 4.61985e+003, 1.52485e+004
 0, 297,  39.75152059,-105.22101714,   0,0,4, 1760.76, 76196061.200,210956.0612,  198.9, 6.51468e+002, 3.32616e+003, 3.05299e+003, 2.52757e+003, 4.89518e+003, 2.64620e+003, 6.70736e+003, 2.93474e+003, 8.61246e+003, 4.51983e+003, 1.59545e+004
 0, 298,  39.75152094,-105.22101709,   0,0,4, 1760.75, 76196161.200,210956.1612,  183.4, 9.33275e+002, 3.71234e+003, 3.90581e+003, 3.12502e+003, 6.25583e+003, 2.97958e+003, 8.20404e+003, 3.17994e+003, 1.01985e+004, 4.47698e+003, 1.74739e+004
 0, 299,  39.75152145,-105.22101710,   0,0,4, 1760.75, 76196261.200,210956.2612,  156.2, 1.62269e+003, 3.99261e+003, 5.05949e+003, 3.75157e+003, 8.04481e+003, 3.29510e+003, 1.00029e+004, 3.34179e+003, 1.22628e+004, 4.34961e+003, 1.87307e+004
 0, 300,  39.75152204,-105.22101716,   0,0,4, 1760.75, 76196361.200,210956.3612,  194.3, 2.95212e+003, 3.09811e+003, 6.35465e+003, 4.38376e+003, 9.45716e+003, 3.36814e+003, 1.14364e+004, 3.36923e+003, 1.36914e+004, 4.24748e+003, 1.84667e+004
 0, 301,  39.75152263,-105.22101721,   0,0,4, 1760.74, 76196461.200,210956.4612,  203.8, 3.11661e+003, 3.79268e+003, 7.02560e+003, 4.93776e+003, 1.05205e+004, 3.67005e+003, 1.26276e+004, 3.51112e+003, 1.49697e+004, 4.62718e+003, 2.05388e+004
 0, 302,  39.75152323,-105.22101727,   0,0,4, 1760.74, 76196561.200,210956.5612,  234.3, 2.31271e+003, 5.41746e+003, 6.84411e+003, 5.13216e+003, 1.12668e+004, 4.27121e+003, 1.35097e+004, 3.85050e+003, 1.61831e+004, 5.03704e+003, 2.37084e+004
 0, 303,  39.75152382,-105.22101733,   0,0,4, 1760.74, 76196661.200,210956.6612,  250.0, 1.81974e+003, 5.11756e+003, 6.13172e+003, 4.84701e+003, 1.01756e+004, 4.02100e+003, 1.24388e+004, 3.85162e+003, 1.50535e+004, 5.16033e+003, 2.29975e+004
 0, 304,  39.75152441,-105.22101739,   0,0,4, 1760.74, 76196761.200,210956.7612,  253.5, 1.07143e+003, 4.79303e+003, 4.70983e+003, 3.93866e+003, 7.68347e+003, 3.41646e+003, 9.93759e+003, 3.61914e+003, 1.23082e+004, 5.14684e+003, 2.09141e+004
 0, 305,  39.75152500,-105.22101744,   0,0,4, 1760.73, 76196861.200,210956.8612,  259.0, 5.43436e+002, 4.30721e+003, 3.29581e+003, 3.13230e+003, 5.94740e+003, 2.96809e+003, 7.93795e+003, 3.47820e+003, 1.04148e+004, 5.44889e+003, 1.93347e+004
 0, 306,  39.75152560,-105.22101750,   0,0,4, 1760.73, 76196961.200,210956.9612,  246.7,-2.32294e+002, 3.62802e+003, 2.39477e+003, 2.62157e+003, 4.66022e+003, 2.81677e+003, 6.58626e+003, 3.46650e+003, 9.11749e+003, 5.89380e+003, 1.84267e+004
 0, 307,  39.75153093,-105.22102149,   0,0,4, 1760.70, 76198061.200,210958.0612,  246.0,-2.01530e+002, 2.74433e+003, 1.89182e+003, 2.17374e+003, 3.94043e+003, 2.75067e+003, 5.83619e+003, 3.47244e+003, 8.24257e+003, 6.09013e+003, 1.72313e+004
 0, 308,  39.75153139,-105.22102194,   0,0,4, 1760.70, 76198161.200,210958.1612,  230.5,-4.05253e+002, 2.44236e+003, 1.17812e+003, 1.97772e+003, 3.12839e+003, 2.46733e+003, 4.93622e+003, 3.45771e+003, 7.47985e+003, 6.28999e+003, 1.66351e+004
 0, 309,   0.00000000,   0.00000000,   0,0,0,    0.00, 76198261.200,210958.2612,  191.9,-1.55649e+003, 2.86693e+003,-1.49646e+002, 1.73801e+003, 1.64442e+003, 2.27375e+003, 3.28246e+003, 3.45478e+003, 6.03003e+003, 6.56226e+003, 1.68957e+004
 0, 310,   0.00000000,   0.00000000,   0,0,0,    0.00, 76198361.200,210958.3612,  129.3,-2.23755e+003, 2.85468e+003,-9.34285e+002, 1.48462e+003, 9.23428e+002, 2.09747e+003, 2.06071e+003, 3.47986e+003, 5.04557e+003, 6.84954e+003, 1.67662e+004
 0, 311,   0.00000000,   0.00000000,   0,0,0,    0.00, 76198461.200,210958.4612,  155.2,-9.07500e+002, 5.56367e+002, 5.64925e+001, 1.58033e+003, 1.02243e+003, 1.86305e+003, 1.98474e+003, 3.58710e+003, 5.02066e+003, 6.95190e+003, 1.45387e+004
 0, 312,   0.00000000,   0.00000000,   0,0,0,    0.00, 76198561.200,210958.5612,  172.9,-1.20072e+003, 7.02831e+002, 6.27781e+001, 1.49843e+003, 9.17444e+002, 1.90099e+003, 1.88682e+003, 3.65662e+003, 4.91104e+003, 7.05115e+003, 1.48100e+004
 0, 313,   0.00000000,   0.00000000,   0,0,0,    0.00, 76198661.200,210958.6612,  158.0,-2.29031e+003, 2.17444e+003,-8.73586e+002, 1.22607e+003, 4.52129e+002, 1.97151e+003, 1.72857e+003, 3.59437e+003, 4.54771e+003, 7.25586e+003, 1.62223e+004
 0, 314,   0.00000000,   0.00000000,   0,0,0,    0.00, 76198761.200,210958.7612,  158.5,-1.79298e+003, 1.43493e+003,-6.93719e+002, 1.19065e+003, 2.69807e+002, 2.05257e+003, 1.79774e+003, 3.59058e+003, 4.59864e+003, 7.25050e+003, 1.55192e+004
 0, 315,   0.00000000,   0.00000000,   0,0,0,    0.00, 76198861.200,210958.8612,  155.0,-1.51837e+003, 1.09162e+003,-3.95254e+002, 1.23878e+003, 3.36197e+002, 1.98227e+003, 1.91477e+003, 3.62606e+003, 4.79510e+003, 7.11370e+003, 1.50524e+004
 0, 316,   0.00000000,   0.00000000,   0,0,0,    0.00, 76198961.200,210958.9612,  153.5,-1.56116e+003, 1.21468e+003,-2.36536e+002, 1.25018e+003, 3.37203e+002, 1.96388e+003, 1.93904e+003, 3.63142e+003, 4.83654e+003, 7.05423e+003, 1.51144e+004
 0, 317,   0.00000000,   0.00000000,   0,0,0,    0.00, 76199061.200,210959.0612,  149.6,-1.59899e+003, 1.23359e+003,-2.65596e+002, 1.35650e+003, 4.42672e+002, 2.02004e+003, 1.74120e+003, 3.62918e+003, 4.90107e+003, 6.82243e+003, 1.50618e+004
 0, 318,   0.00000000,   0.00000000,   0,0,0,    0.00, 76199161.200,210959.1612,  144.6,-1.51238e+003, 1.06664e+003,-3.61176e+002, 1.37330e+003, 2.87152e+002, 1.98904e+003, 1.60011e+003, 3.82168e+003, 4.80729e+003, 6.61856e+003, 1.48692e+004
 0, 319,   0.00000000,   0.00000000,   0,0,0,    0.00, 76199261.200,210959.2612,  169.9,-1.16884e+003, 5.61750e+002,-4.53520e+002, 1.38174e+003, 2.22133e+002, 1.96506e+003, 1.64292e+003, 3.82220e+003, 4.40710e+003, 6.58494e+003, 1.43157e+004
 0, 320,   0.00000000,   0.00000000,   0,0,0,    0.00, 76199361.200,210959.3612,  172.9,-1.92526e+003, 1.16159e+003,-9.62083e+002, 1.30437e+003, 5.20027e+000, 1.94689e+003, 1.43459e+003, 3.64002e+003, 3.95990e+003, 6.54981e+003, 1.46027e+004
 0, 321,   0.00000000,   0.00000000,   0,0,0,    0.00, 76199461.200,210959.4612,  192.2,-2.41463e+003, 1.31564e+003,-1.21699e+003, 1.09391e+003,-3.91516e+002, 2.02665e+003, 9.93376e+002, 3.43619e+003, 3.91152e+003, 6.60167e+003, 1.44741e+004
 0, 322,   0.00000000,   0.00000000,   0,0,0,    0.00, 76199561.200,210959.5612,  188.0,-2.52871e+003, 1.29162e+003,-1.33525e+003, 1.02841e+003,-6.74137e+002, 1.99382e+003, 7.02693e+002, 3.23045e+003, 3.78227e+003, 6.83613e+003, 1.43804e+004
 0, 323,   0.00000000,   0.00000000,   0,0,0,    0.00, 76199661.200,210959.6612,  177.0,-2.46165e+003, 1.15858e+003,-1.31130e+003, 1.05461e+003,-8.86547e+002, 1.83113e+003, 4.42395e+002, 3.40223e+003, 3.44866e+003, 6.99791e+003, 1.44445e+004
