Name,Code,Easting,Northing,Elevation,Description,Longitude,Latitude,Ellipsoidal height,Origin,Easting RMS,Northing RMS,Elevation RMS,Lateral RMS,Antenna height,Antenna height units,Solution status,Averaging start,Averaging end,Samples,PDOP,GDOP,Base easting,Base northing,Base elevation,Base longitude,Base latitude,Base ellipsoidal height,Baseline,Mount point,CS name,GPS Satellites,GLONASS Satellites,Galileo Satellites,BeiDou Satellites,QZSS Satellites
A1,,,,,,-105.22150316,39.75130502,1744.267,Global,0.010,0.010,0.010,0.014,1.934,m,FIX,2025-02-14 12:50:05.4 UTC-07:00,2025-02-14 12:50:05.4 UTC-07:00,1,1.0,1.2,,,,-105.22127674,39.75130883,1745.738,19.420,,Global CS,10,6,9,3,0
A2,,,,,,-105.22151478,39.75131538,1744.234,Global,0.010,0.010,0.010,0.014,1.934,m,FIX,2025-02-14 12:50:57.0 UTC-07:00,2025-02-14 12:50:57.0 UTC-07:00,1,1.0,1.2,,,,-105.22127674,39.75130883,1745.738,20.424,,Global CS,8,7,9,3,0
A3,,,,,,-105.22152534,39.75132503,1744.181,Global,0.010,0.010,0.010,0.014,1.934,m,FIX,2025-02-14 12:51:24.0 UTC-07:00,2025-02-14 12:51:24.0 UTC-07:00,1,1.0,1.1,,,,-105.22127674,39.75130883,1745.738,21.391,,Global CS,10,7,9,3,0
A4,,,,,,-105.22153737,39.75133580,1744.110,Global,0.010,0.010,0.010,0.014,1.934,m,FIX,2025-02-14 12:51:49.6 UTC-07:00,2025-02-14 12:51:49.6 UTC-07:00,1,1.0,1.2,,,,-105.22127674,39.75130883,1745.738,22.545,,Global CS,9,7,9,3,0
A5,,,,,,-105.22154795,39.75134540,1744.050,Global,0.010,0.010,0.010,0.014,1.934,m,FIX,2025-02-14 12:52:13.4 UTC-07:00,2025-02-14 12:52:13.4 UTC-07:00,1,1.1,1.2,,,,-105.22127674,39.75130883,1745.738,23.604,,Global CS,10,7,9,3,0
B5,,,,,,-105.22156585,39.75133540,1744.117,Global,0.010,0.010,0.010,0.014,1.934,m,FIX,2025-02-14 12:52:45.6 UTC-07:00,2025-02-14 12:52:45.6 UTC-07:00,1,1.0,1.2,,,,-105.22127674,39.75130883,1745.738,24.961,,Global CS,10,7,10,3,0
B4,,,,,,-105.22155377,39.75132529,1744.172,Global,0.010,0.010,0.010,0.014,1.934,m,FIX,2025-02-14 12:53:01.4 UTC-07:00,2025-02-14 12:53:01.4 UTC-07:00,1,1.0,1.1,,,,-105.22127674,39.75130883,1745.738,23.822,,Global CS,10,8,9,3,0
B3,,,,,,-105.22154241,39.75131536,1744.242,Global,0.010,0.010,0.010,0.014,1.934,m,FIX,2025-02-14 12:53:19.4 UTC-07:00,2025-02-14 12:53:19.4 UTC-07:00,1,1.0,1.1,,,,-105.22127674,39.75130883,1745.738,22.791,,Global CS,10,8,9,3,0
B2,,,,,,-105.22153213,39.75130605,1744.281,Global,0.010,0.010,0.010,0.014,1.934,m,FIX,2025-02-14 12:53:40.0 UTC-07:00,2025-02-14 12:53:40.0 UTC-07:00,1,1.0,1.2,,,,-105.22127674,39.75130883,1745.738,21.901,,Global CS,10,8,9,3,0
B1,,,,,,-105.22152017,39.75129561,1744.317,Global,0.010,0.010,0.010,0.014,1.934,m,FIX,2025-02-14 12:53:52.0 UTC-07:00,2025-02-14 12:53:52.0 UTC-07:00,1,0.9,1.1,,,,-105.22127674,39.75130883,1745.738,20.927,,Global CS,11,8,9,3,0
C1,,,,,,-105.22153078,39.75128862,1744.365,Global,0.010,0.010,0.010,0.014,1.934,m,FIX,2025-02-14 12:54:05.0 UTC-07:00,2025-02-14 12:54:05.0 UTC-07:00,1,0.9,1.1,,,,-105.22127674,39.75130883,1745.738,21.901,,Global CS,10,7,9,3,0
C2,,,,,,-105.22154331,39.75129983,1744.317,Global,0.010,0.010,0.010,0.014,1.934,m,FIX,2025-02-14 12:54:20.6 UTC-07:00,2025-02-14 12:54:20.6 UTC-07:00,1,1.0,1.1,,,,-105.22127674,39.75130883,1745.738,22.880,,Global CS,10,7,9,3,0
C3,,,,,,-105.22155355,39.75130897,1744.272,Global,0.010,0.010,0.010,0.014,1.934,m,FIX,2025-02-14 12:54:40.4 UTC-07:00,2025-02-14 12:54:40.4 UTC-07:00,1,1.0,1.2,,,,-105.22127674,39.75130883,1745.738,23.734,,Global CS,10,7,9,3,0
C4,,,,,,-105.22156499,39.75131926,1744.205,Global,0.010,0.010,0.010,0.014,1.934,m,FIX,2025-02-14 12:54:52.8 UTC-07:00,2025-02-14 12:54:52.8 UTC-07:00,1,1.0,1.2,,,,-105.22127674,39.75130883,1745.738,24.741,,Global CS,10,6,9,3,0
C5,,,,,,-105.22157601,39.75132925,1744.151,Global,0.010,0.010,0.010,0.014,1.934,m,FIX,2025-02-14 12:55:03.8 UTC-07:00,2025-02-14 12:55:03.8 UTC-07:00,1,1.1,1.3,,,,-105.22127674,39.75130883,1745.738,25.758,,Global CS,10,6,9,4,0
D5,,,,,,-105.22158734,39.75132327,1744.173,Global,0.010,0.010,0.010,0.014,1.934,m,FIX,2025-02-14 12:55:17.4 UTC-07:00,2025-02-14 12:55:17.4 UTC-07:00,1,1.0,1.2,,,,-105.22127674,39.75130883,1745.738,26.677,,Global CS,10,6,9,4,0
D4,,,,,,-105.22157594,39.75131304,1744.242,Global,0.010,0.010,0.010,0.014,1.934,m,FIX,2025-02-14 12:55:44.6 UTC-07:00,2025-02-14 12:55:44.6 UTC-07:00,1,1.0,1.2,,,,-105.22127674,39.75130883,1745.738,25.657,,Global CS,10,6,9,4,0
D3,,,,,,-105.22156422,39.75130296,1744.299,Global,0.010,0.010,0.010,0.014,1.934,m,FIX,2025-02-14 12:55:57.0 UTC-07:00,2025-02-14 12:55:57.0 UTC-07:00,1,1.0,1.2,,,,-105.22127674,39.75130883,1745.738,24.658,,Global CS,10,6,9,4,0
D2,,,,,,-105.22155384,39.75129389,1744.348,Global,0.010,0.010,0.010,0.014,1.934,m,FIX,2025-02-14 12:56:11.8 UTC-07:00,2025-02-14 12:56:11.8 UTC-07:00,1,1.1,1.2,,,,-105.22127674,39.75130883,1745.738,23.819,,Global CS,9,7,9,4,0
D1,,,,,,-105.22154131,39.75128270,1744.384,Global,0.010,0.010,0.010,0.014,1.934,m,FIX,2025-02-14 12:56:26.2 UTC-07:00,2025-02-14 12:56:26.2 UTC-07:00,1,1.1,1.3,,,,-105.22127674,39.75130883,1745.738,22.873,,Global CS,10,7,9,4,0
E1,,,,,,-105.22155801,39.75127198,1744.446,Global,0.010,0.010,0.010,0.014,1.934,m,FIX,2025-02-14 12:56:42.8 UTC-07:00,2025-02-14 12:56:42.8 UTC-07:00,1,1.1,1.3,,,,-105.22127674,39.75130883,1745.738,24.465,,Global CS,10,7,9,4,0
E2,,,,,,-105.22157106,39.75128336,1744.396,Global,0.010,0.010,0.010,0.014,1.934,m,FIX,2025-02-14 12:57:17.0 UTC-07:00,2025-02-14 12:57:17.0 UTC-07:00,1,1.1,1.2,,,,-105.22127674,39.75130883,1745.738,25.396,,Global CS,9,6,9,4,0
E3,,,,,,-105.22158057,39.75129247,1744.366,Global,0.010,0.010,0.010,0.014,1.934,m,FIX,2025-02-14 12:57:38.2 UTC-07:00,2025-02-14 12:57:38.2 UTC-07:00,1,1.1,1.2,,,,-105.22127674,39.75130883,1745.738,26.116,,Global CS,9,6,9,4,0
E4,,,,,,-105.22159296,39.75130314,1744.287,Global,0.010,0.010,0.010,0.014,1.934,m,FIX,2025-02-14 12:57:57.4 UTC-07:00,2025-02-14 12:57:57.4 UTC-07:00,1,1.1,1.3,,,,-105.22127674,39.75130883,1745.738,27.120,,Global CS,9,6,9,4,0
E5,,,,,,-105.22160384,39.75131288,1744.218,Global,0.010,0.010,0.010,0.014,1.934,m,FIX,2025-02-14 12:58:10.6 UTC-07:00,2025-02-14 12:58:10.6 UTC-07:00,1,1.0,1.2,,,,-105.22127674,39.75130883,1745.738,28.048,,Global CS,10,6,9,4,0
